RowNumber,CustomerId,Surname,CreditScore,Geography,Gender,Age,Tenure,Balance,NumOfProducts,HasCrCard,IsActiveMember,EstimatedSalary,Exited
5825,15698953,Hart,636,Spain,Male,36,1.0,0.0,3,1,1,74048.1,1
9046,15749951,Sacco,766,Germany,Male,27,5.0,126285.73,1,1,0,177614.17,1
7599,15613699,Schnaars,430,France,Female,60,7.0,73937.02,1,1,0,161937.62,1
1288,15565701,Ferri,698,Spain,Female,39,9.0,161993.89,1,0,0,90212.38,0
1227,15775572,Bergamaschi,531,Germany,Female,42,6.0,88324.31,2,1,0,75248.75,0
5798,15775206,Hunter,699,France,Male,37,10.0,0.0,2,0,0,83263.04,0
3732,15568573,Graham,554,Germany,Female,51,7.0,105701.91,1,0,1,179797.79,1
5033,15750569,Iweobiegbunam,684,Germany,Female,46,3.0,102955.14,2,1,0,154137.33,0
852,15794048,Wan,667,Germany,Female,48,1.0,97133.92,2,0,0,113316.77,1
2481,15803790,Allen,638,Germany,Male,37,2.0,89728.86,2,1,1,37294.88,0
7213,15638989,Lettiere,711,France,Female,25,5.0,190066.54,1,0,0,51345.39,1
1533,15589660,Lamble,661,Germany,Female,32,1.0,145980.23,1,0,1,56636.28,0
3767,15724890,Cross,584,Spain,Male,36,4.0,82696.09,2,0,0,83058.14,0
5546,15806709,Hao,609,Germany,Male,33,6.0,94126.67,1,0,0,93718.16,0
1734,15752508,Docherty,614,Germany,Male,32,7.0,99462.8,2,1,1,51117.06,0
2995,15710257,Matveyeva,625,France,Female,39,3.0,130786.92,1,0,1,121316.07,0
6778,15770214,Bryant,754,France,Female,27,7.0,0.0,2,1,0,144134.64,0
8363,15751912,Lilly,567,France,Male,36,7.0,0.0,2,0,1,3896.08,0
3149,15810075,Fang,648,France,Female,39,6.0,130694.89,2,1,1,153955.38,1
8981,15786433,Aitken,650,Germany,Female,35,3.0,165982.43,2,1,1,24482.16,0
3433,15778219,Izmailov,790,France,Male,26,5.0,0.0,1,1,0,20510.79,0
8607,15694581,Rawlings,807,Spain,Male,42,5.0,0.0,2,1,1,74900.9,0
5285,15759250,Barnett,745,Germany,Male,51,3.0,99183.9,1,1,1,28922.25,0
7517,15748649,Shen,644,France,Male,40,8.0,93183.19,1,1,0,73882.49,0
5298,15683416,Russo,572,Germany,Male,51,8.0,97750.07,3,1,1,193014.26,1
6283,15761340,Bullen,521,France,Male,22,5.0,0.0,2,1,1,99828.45,0
4106,15701392,Lucciano,815,Spain,Male,28,6.0,0.0,2,0,1,185547.71,0
8245,15656330,Von Doussa,528,Spain,Female,32,0.0,68138.37,1,1,1,170309.19,0
4361,15801934,Su,678,France,Male,66,8.0,0.0,2,1,1,47117.03,0
7001,15739548,Johnson,775,France,Male,28,9.0,111167.7,1,1,0,149331.01,0
6270,15734626,Gibson,652,Spain,Female,36,1.0,0.0,2,1,1,19302.78,0
9378,15709447,Reed,584,France,Female,26,0.0,146286.22,1,1,0,105105.35,0
1983,15756680,Phillips,667,France,Male,28,6.0,165798.1,1,1,0,147090.9,0
5641,15800514,Kenechukwu,477,Germany,Female,24,2.0,95675.62,2,0,0,162699.7,1
9152,15747974,Sabbatini,614,France,Male,49,1.0,0.0,2,1,0,192440.54,0
8239,15672905,Sani,679,Spain,Female,40,7.0,0.0,2,1,1,163757.29,0
7265,15662189,Durant,434,Spain,Male,33,3.0,0.0,1,1,1,2739.71,0
8022,15697691,Sinclair,512,France,Female,41,6.0,0.0,1,1,1,100507.81,0
1154,15669899,Fitts,755,Germany,Female,45,7.0,135643.0,1,0,0,143619.52,1
9303,15752534,Mironov,744,France,Male,36,10.0,0.0,2,1,1,182867.84,0
7910,15570931,Grant,620,France,Male,61,5.0,0.0,1,0,0,31641.52,1
9096,15718839,Tsui,850,Germany,Female,38,2.0,102741.15,2,0,1,23974.85,0
1534,15769818,Moore,850,France,Female,37,3.0,212778.2,1,0,1,69372.88,0
8041,15627439,Pickering,624,Spain,Female,36,10.0,0.0,2,0,1,186180.42,0
3540,15761453,Kovalev,667,France,Male,42,6.0,0.0,1,1,0,88890.05,0
8233,15732704,Piazza,582,Spain,Male,25,9.0,148042.97,2,1,0,52341.15,0
2642,15599301,Tao,538,Germany,Female,28,6.0,164365.44,1,0,1,5698.97,0
8218,15635500,Seleznyov,605,Germany,Male,75,2.0,61319.63,1,0,1,186655.11,0
6632,15665177,Booth,613,France,Male,44,3.0,0.0,2,0,1,136491.72,0
1315,15644833,Duncan,675,France,Male,54,2.0,0.0,1,1,0,149583.67,1
9773,15750549,Akobundu,660,Germany,Male,30,1.0,84440.1,2,1,1,60485.98,0
3955,15758755,Beneventi,729,France,Female,34,9.0,132121.71,1,0,1,105409.31,0
6171,15611157,McElhone,709,France,Female,32,2.0,87814.89,1,1,0,138578.37,0
1941,15659651,Ross,531,Germany,Female,31,7.0,117052.82,1,1,0,118508.09,1
698,15620204,Walker,543,Germany,Female,57,1.0,106138.33,2,1,1,120657.32,1
5632,15782758,Ozerova,632,France,Male,40,5.0,147650.68,1,1,1,199674.83,0
6575,15661290,Hightower,785,Germany,Female,38,9.0,107199.75,1,0,0,146398.51,0
4566,15773779,Jacka,593,Spain,Female,46,2.0,76597.79,1,1,1,54453.72,0
6383,15575060,Gardner,797,France,Male,24,5.0,0.0,2,1,0,182257.61,0
9202,15788183,Longo,458,Germany,Female,43,1.0,106870.12,2,1,0,100564.37,0
1146,15601688,Piccio,546,France,Male,28,8.0,0.0,1,1,0,159254.29,0
469,15633283,Padovano,536,France,Male,35,8.0,0.0,2,1,0,64833.28,0
7367,15649183,Johnston,598,Spain,Female,35,8.0,0.0,3,0,1,88658.73,0
5457,15755225,Ryan,659,Germany,Male,34,9.0,134464.58,2,1,0,178833.34,0
344,15684484,White,543,France,Male,22,8.0,0.0,2,0,0,127587.22,0
60,15804771,Velazquez,614,France,Male,51,4.0,40685.92,1,1,1,46775.28,0
8892,15790489,Lo Duca,534,Spain,Male,34,5.0,170600.78,1,0,1,5240.53,0
1165,15750776,Genovese,850,France,Female,36,0.0,164850.54,1,1,1,62722.44,0
7050,15597709,Hornung,602,France,Female,39,6.0,154121.32,2,1,0,176614.86,1
1511,15786199,Hsing,535,France,Male,33,2.0,133040.32,1,1,1,110299.78,0
4189,15786153,McKenzie,644,Germany,Male,47,9.0,137774.11,2,1,0,151902.78,0
8909,15656522,Sutherland,593,Spain,Male,32,10.0,158537.42,1,1,0,166850.57,0
3600,15767921,Madukwe,613,France,Male,41,7.0,0.0,2,1,0,60297.72,0
3170,15688172,Tai,677,Spain,Male,40,5.0,0.0,2,1,0,88947.56,0
5758,15601417,T'ang,681,France,Male,32,3.0,148884.47,2,1,1,90967.37,0
7288,15633944,McKay,644,Spain,Male,32,3.0,136659.74,1,1,1,14187.78,0
2801,15646817,Chiekwugo,769,France,Male,51,9.0,156773.78,2,1,0,40257.79,0
6342,15658364,Laney,807,Germany,Female,40,1.0,134590.21,1,1,1,46253.65,0
3487,15630661,Vasilyev,614,Spain,Female,25,10.0,75212.28,1,1,0,58965.04,0
3933,15763798,McMillan,680,France,Male,23,5.0,140007.19,1,0,1,31714.08,0
1578,15576714,Manna,687,Spain,Female,21,8.0,0.0,2,1,1,154767.34,0
914,15655961,Palermo,756,Germany,Male,27,1.0,131899.0,1,1,0,93302.29,0
141,15698932,Groves,756,Germany,Male,44,10.0,137452.09,1,1,0,189543.9,0
2840,15585451,Vigano,558,Germany,Female,32,1.0,108262.87,1,1,1,6935.31,0
3984,15814092,Wang,626,France,Female,44,2.0,0.0,1,0,1,173117.22,1
8925,15808566,Hs?,516,France,Male,46,2.0,0.0,2,1,1,169122.54,0
7694,15602043,Buccho,770,Germany,Female,46,5.0,141788.63,2,0,0,164967.21,0
899,15654700,Fallaci,523,France,Female,40,2.0,102967.41,1,1,0,128702.1,1
5324,15569264,Yobanna,622,France,Male,32,5.0,179305.09,1,1,1,149043.78,0
6558,15707242,Ibeamaka,504,Spain,Male,40,5.0,0.0,2,0,0,146703.36,0
278,15767339,Chiazagomekpere,777,France,Female,53,10.0,0.0,2,1,0,189992.97,0
4040,15580134,Crawford,479,Spain,Male,27,2.0,172463.45,1,1,1,40315.27,0
1277,15690182,Kapustin,635,Germany,Male,37,5.0,113488.68,1,1,0,95611.74,1
493,15624170,Tan,639,France,Female,38,4.0,81550.94,2,0,1,118974.77,0
3748,15645835,Milani,605,France,Male,32,9.0,0.0,2,1,1,55724.24,0
8078,15741693,Barnard,693,France,Male,40,4.0,130661.96,1,1,1,101918.96,0
2419,15603914,Arcuri,614,France,Male,40,6.0,0.0,1,1,1,20339.79,1
9900,15811594,Gordon,660,Spain,Female,28,3.0,128929.88,1,1,1,198069.71,0
3867,15656840,Zikoranachukwudimma,547,France,Female,29,6.0,104450.86,1,1,1,37160.28,0
140,15640905,Vasin,579,Spain,Female,35,1.0,129490.36,2,0,1,8590.83,1
80,15803136,Postle,416,Germany,Female,41,10.0,122189.66,2,1,0,98301.61,0
233,15787174,Sergeyev,512,France,Female,37,1.0,0.0,2,0,1,156105.03,0
4815,15615896,Chienezie,621,Spain,Male,39,8.0,0.0,2,1,0,36122.96,0
6734,15709741,Hussain,668,France,Male,28,4.0,107141.27,1,1,0,193018.71,0
5513,15653784,Solomina,627,France,Male,37,2.0,125190.86,1,0,1,84584.69,0
4196,15747168,Sanders,626,Germany,Female,47,2.0,103108.8,1,0,1,166475.44,1
4408,15796612,Ch'ang,527,France,Female,31,1.0,112203.25,1,1,0,182266.01,0
774,15685320,Johnstone,767,France,Male,36,3.0,139180.2,1,0,0,123880.19,0
7792,15570299,Martin,584,Germany,Female,31,6.0,152622.34,1,1,0,99298.8,0
4134,15667602,Cheng,704,Spain,Male,33,3.0,0.0,2,1,0,73018.74,0
4628,15715744,Schiavone,605,France,Male,39,7.0,0.0,1,0,1,119348.28,0
4376,15616555,Fu,850,Germany,Male,41,8.0,60880.68,1,1,0,31825.84,0
9083,15753161,Dickson,768,France,Female,36,5.0,180169.44,2,1,0,17348.56,0
8878,15696371,Thomas,812,Spain,Female,24,1.0,92476.88,1,0,0,83247.14,0
1066,15692744,Davison,512,France,Male,36,4.0,152169.12,2,0,0,38629.3,1
585,15803689,Begum,647,Germany,Female,51,1.0,119741.77,2,0,0,54954.51,1
8507,15605215,Stevenson,767,France,Male,48,9.0,0.0,2,0,1,175458.21,0
3924,15595047,Murray,764,France,Male,41,7.0,0.0,2,0,0,134878.34,0
6684,15710316,Fang,454,Spain,Female,48,5.0,144837.79,1,1,1,93151.77,0
7553,15781574,Ma,636,Spain,Male,76,9.0,126534.6,1,1,1,39789.62,0
4417,15743893,Alexeyeva,471,France,Male,42,3.0,164951.56,1,1,0,190531.77,0
3509,15614230,T'an,426,France,Female,34,3.0,0.0,2,1,1,61230.83,0
3414,15627412,Ferri,605,France,Male,39,3.0,0.0,2,1,0,199390.45,0
7659,15666297,Abramova,706,Spain,Female,53,3.0,0.0,3,0,0,88479.02,1
7595,15713250,Izmailova,502,France,Male,33,8.0,0.0,2,1,1,123509.01,0
5054,15674433,Allan,636,Germany,Female,28,2.0,115265.14,1,0,0,191627.85,0
8094,15779267,Onyemere,584,France,Male,47,5.0,0.0,2,1,0,89286.29,0
6066,15674720,Smith,691,Germany,Female,37,7.0,123067.63,1,1,1,98162.44,1
2669,15582325,Jennings,524,France,Male,52,2.0,87894.26,1,1,0,173899.42,1
5134,15668104,Kerr,479,Spain,Male,37,6.0,118433.94,1,0,1,160060.9,0
6865,15797381,DeRose,593,Germany,Female,48,3.0,133903.12,2,1,1,85902.39,1
6379,15768763,Bogdanov,562,France,Male,37,2.0,0.0,1,0,1,52525.15,1
350,15576256,Yusupova,582,France,Male,39,5.0,0.0,2,1,1,129892.93,0
7978,15588341,Chigozie,647,Spain,Male,47,10.0,99835.17,1,0,1,89103.05,0
1857,15690925,McIntosh,527,Spain,Female,29,2.0,27755.97,1,1,0,97468.44,1
4612,15710553,Yin,555,Germany,Male,48,3.0,142055.41,2,0,1,79134.78,0
3651,15724955,Lucchesi,537,France,Male,38,3.0,0.0,2,0,0,141023.01,0
1587,15595282,White,735,France,Female,33,4.0,0.0,2,1,0,149474.69,0
5499,15726774,Field,563,France,Male,35,3.0,106250.72,1,0,0,39546.32,0
325,15682757,Pardey,734,France,Male,30,3.0,0.0,2,1,0,107640.25,0
6584,15613180,Miranda,727,Germany,Male,21,8.0,153344.72,1,1,1,163295.87,0
8383,15612594,Ifeanacho,599,Spain,Male,25,3.0,0.0,2,1,1,120790.02,0
6305,15653455,Smith,648,France,Female,38,2.0,0.0,2,0,1,9551.49,0
3892,15748854,Sung,723,Germany,Female,28,5.0,91938.31,1,1,0,143481.85,0
5598,15815552,Ferguson,670,France,Female,42,6.0,112333.63,1,1,1,65706.86,0
7580,15649101,Reeves,601,France,Male,40,10.0,127847.86,1,0,0,173245.68,0
9065,15632816,Williams,521,Germany,Female,49,2.0,127948.57,1,1,1,182765.14,0
8764,15665159,Brooks,727,France,Male,61,0.0,128213.96,2,1,1,188729.08,1
4634,15707291,Percy,477,Germany,Male,48,8.0,129250.0,2,1,1,157937.35,0
7169,15587297,Ruiz,507,France,Male,33,7.0,0.0,2,1,1,85411.01,0
1558,15706815,Samoylova,515,Germany,Male,37,2.0,90432.92,1,1,1,188366.04,1
5768,15573284,Olisanugo,579,France,Female,45,2.0,0.0,2,0,0,11514.39,0
9084,15711396,Henderson,427,Spain,Male,40,8.0,0.0,2,1,1,82870.75,0
641,15784844,K'ung,752,Spain,Male,48,5.0,116060.08,1,1,0,156618.38,1
7051,15720529,Schiavone,591,France,Male,29,6.0,0.0,2,1,1,108684.65,0
765,15672056,Kenenna,710,Germany,Male,43,2.0,140080.32,3,1,1,157908.19,1
6819,15589739,North,698,France,Male,41,3.0,90605.29,1,1,1,14357.0,0
2988,15682268,Steere,676,Germany,Female,26,1.0,108348.66,1,0,0,60231.74,1
6737,15771299,Nnachetam,707,France,Female,57,1.0,92053.0,1,1,1,164064.44,1
980,15642937,Padovesi,550,France,Female,46,7.0,0.0,2,1,0,130590.35,0
2144,15612109,Speth,819,France,Male,38,9.0,122334.26,2,1,1,181507.44,0
4706,15749489,Denisova,533,Germany,Female,22,10.0,115743.6,1,0,0,43852.05,0
2524,15742269,Milano,756,France,Female,24,1.0,0.0,2,1,0,184182.25,0
4439,15583850,Davidson,672,Germany,Male,68,0.0,126061.51,2,1,1,184936.77,0
2269,15777553,Hanson,659,France,Female,56,9.0,123785.24,1,1,0,99504.03,1
4890,15693205,Peng,691,Germany,Female,41,8.0,109153.96,3,1,1,148848.76,1
1248,15711288,Hay,512,France,Male,24,6.0,0.0,2,1,0,37654.31,0
8469,15672983,Fernando,678,Spain,Female,27,5.0,87099.85,2,1,0,149550.95,0
2854,15648489,Ting,487,France,Male,53,4.0,199689.49,1,1,1,24207.86,1
2406,15759021,Kay,685,France,Male,35,9.0,0.0,1,1,0,167033.83,0
6920,15599084,Hopwood,782,France,Male,33,7.0,191523.09,1,1,1,167058.75,0
4145,15779809,Giordano,655,France,Male,44,8.0,87471.63,1,0,1,188593.98,0
6381,15642162,Ponce,603,Germany,Male,35,1.0,123407.69,1,1,0,152541.89,1
7021,15786237,Pickworth,651,France,Male,28,7.0,0.0,2,1,0,823.96,0
7234,15699963,Scott,571,France,Male,38,1.0,121405.04,1,1,1,154844.22,0
271,15787071,Dulhunty,650,Spain,Male,41,9.0,0.0,2,0,1,191599.67,0
2258,15698349,Davy,686,Spain,Female,35,4.0,0.0,2,1,1,159676.55,0
9667,15781689,Macadam,758,Spain,Male,35,5.0,0.0,2,1,0,95009.6,0
4186,15642570,Scott,675,Spain,Male,35,8.0,0.0,2,1,0,29062.25,0
4772,15716619,Chiebuka,580,Germany,Female,36,3.0,74974.89,1,1,1,12099.67,0
1333,15796721,Nnamutaezinwa,778,France,Male,38,3.0,145018.49,2,1,1,126702.41,0
3287,15672330,Lear,678,France,Female,31,1.0,0.0,2,0,1,130446.65,0
3904,15678129,Hill,643,Spain,Female,45,9.0,150840.03,2,1,0,155516.35,0
1975,15679283,Parkhill,694,France,Female,33,4.0,129731.64,2,1,0,178123.86,0
264,15673693,Reppert,682,France,Female,26,0.0,110654.02,1,0,1,111879.21,0
7766,15613427,Barling,683,Germany,Female,49,7.0,108797.63,2,0,0,140763.18,0
7625,15587443,Akudinobi,728,France,Female,69,1.0,0.0,2,1,1,131804.86,0
8831,15810444,Aksenov,562,Germany,Female,39,6.0,130565.02,1,1,0,9854.72,1
9111,15727391,Collier,688,Germany,Male,29,9.0,144553.5,2,1,0,143454.95,0
3566,15598700,Hysell,676,Spain,Female,30,5.0,0.0,2,0,1,157888.5,0
3116,15582066,Maclean,561,France,Male,21,4.0,0.0,1,1,1,36942.35,0
95,15676966,Capon,730,Spain,Male,42,4.0,0.0,2,0,1,85982.47,0
5703,15749540,Hsiung,585,France,Male,36,7.0,0.0,2,1,0,94283.09,0
1061,15650933,Ma,490,Spain,Female,48,8.0,155413.06,1,1,0,187921.3,0
7955,15626898,Teng,743,France,Male,30,7.0,77599.23,1,0,0,144407.1,0
3935,15705765,Lane,581,Spain,Female,46,1.0,0.0,2,1,0,104272.04,0
5596,15616431,Chiu,608,France,Male,33,4.0,0.0,1,0,1,130474.03,0
6302,15683183,Volkova,766,Germany,Female,45,6.0,97652.96,1,1,0,127332.33,0
2785,15642202,Whitfield,821,Germany,Female,37,5.0,106453.53,2,0,1,127413.0,0
8470,15799534,McClaran,720,France,Male,71,5.0,183135.39,2,1,1,197688.5,0
763,15637876,Burns,663,Germany,Female,36,6.0,77253.5,1,0,0,35817.97,1
3613,15792151,Hamilton,635,Spain,Female,37,3.0,0.0,2,1,0,91086.73,0
9333,15638882,Cardell,710,Germany,Female,62,9.0,148214.36,1,1,0,48571.14,1
1940,15799710,Wei,739,France,Male,37,7.0,104960.46,1,0,1,80883.82,0
9037,15603378,Padovano,768,France,Female,36,3.0,141334.95,1,0,1,125870.5,0
2038,15678146,Wong,668,Spain,Female,24,7.0,173962.32,1,0,0,106457.11,1
2540,15569571,Davydova,584,Germany,Female,46,6.0,87361.02,2,1,0,120376.87,1
1991,15775803,Cawker,841,Spain,Male,41,1.0,0.0,2,0,1,193093.77,0
2604,15583049,Wallace,643,Germany,Female,34,7.0,160426.07,1,0,1,188533.11,0
6674,15736299,Bell,729,France,Female,36,8.0,109106.8,1,0,0,121311.12,0
8349,15796230,Morley,642,Germany,Female,36,2.0,124495.98,3,1,1,57904.22,1
1776,15725664,Wallace,549,France,Female,38,8.0,107283.4,1,0,0,157442.75,0
2003,15657214,Hsia,601,France,Male,74,2.0,0.0,2,0,1,51554.58,0
2500,15634974,Seppelt,614,France,Female,37,8.0,75150.34,4,0,1,131766.67,1
4769,15698528,Napolitani,599,Spain,Female,31,3.0,0.0,1,1,1,130086.47,1
1977,15694192,Nwankwo,598,Spain,Female,38,6.0,0.0,2,0,0,173783.38,0
6547,15633840,Henderson,781,France,Male,20,0.0,125023.1,2,1,1,108301.45,0
5312,15584338,Winn,714,France,Female,40,0.0,0.0,2,1,0,62762.12,0
7742,15634501,Wei,441,France,Male,60,1.0,140614.15,1,0,1,174381.23,0
6039,15700964,Pollard,624,Germany,Female,27,7.0,104848.68,1,1,1,167387.36,0
1490,15617705,Ozioma,609,France,Female,39,8.0,141675.23,1,0,1,175664.25,0
668,15575024,Uwaezuoke,503,France,Male,29,3.0,0.0,2,1,1,143954.99,0
486,15637954,Lewis,730,France,Female,35,0.0,155470.55,1,1,1,53718.28,0
796,15686870,Ball,761,Germany,Male,36,8.0,108239.11,2,0,0,99444.02,0
3983,15627665,Sung,614,France,Male,46,4.0,0.0,1,1,0,74379.57,1
6715,15588933,Nwankwo,825,France,Female,36,3.0,146053.66,1,1,1,138344.7,0
386,15720910,Black,560,France,Female,66,9.0,0.0,1,1,1,15928.49,0
5894,15641004,Doyne,605,Spain,Female,48,10.0,150315.92,1,0,1,133486.36,0
4677,15610271,Andreev,684,Spain,Female,42,3.0,103210.27,1,1,0,31002.03,0
6957,15696605,Angelo,571,France,Male,49,4.0,180614.04,1,0,0,523.0,0
6804,15594515,Cheng,568,France,Female,44,7.0,0.0,2,0,0,62370.67,1
1782,15771636,Marshall,793,Spain,Female,36,0.0,0.0,1,0,0,148993.47,0
6306,15732563,Swanton,726,Germany,Female,33,7.0,99046.31,2,1,1,56053.06,0
8384,15593501,Graham,493,France,Female,36,5.0,148667.81,2,1,0,56092.51,0
9372,15781987,Akhtar,641,France,Male,31,9.0,112494.99,1,1,1,32231.6,0
2701,15786200,Brock,564,France,Male,31,4.0,0.0,2,1,0,53520.03,0
5263,15659194,Mishina,628,France,Male,30,8.0,89182.09,1,1,1,13126.9,0
7894,15647807,Wyckoff,642,France,Male,40,8.0,109219.83,1,1,0,52827.51,0
2387,15637240,Wei,541,France,Male,46,4.0,124547.13,2,1,0,94499.06,0
2013,15780124,Blair,841,France,Male,74,9.0,108131.53,1,0,1,60830.38,0
945,15729362,Lombardi,745,France,Male,36,8.0,67226.37,1,1,0,130789.6,0
9376,15641389,Shen,659,Germany,Male,48,4.0,123593.22,2,1,0,82469.06,1
5787,15652320,Woronoff,588,France,Male,40,5.0,0.0,2,0,0,100727.68,0
305,15812191,Brennan,553,France,Male,33,4.0,118082.89,1,0,0,94440.45,0
9764,15643903,Yao,619,France,Male,27,1.0,154483.98,1,1,0,156394.74,0
5279,15799300,Kao,510,Germany,Male,31,0.0,113688.63,1,1,0,33099.41,1
1925,15586243,Yobachi,667,France,Male,44,8.0,122277.87,1,1,1,91810.71,0
5627,15741417,Chibuzo,624,Spain,Female,35,7.0,119656.45,2,1,1,4595.05,0
5467,15611848,Kwemtochukwu,850,Germany,Male,32,3.0,137714.25,1,0,1,159403.68,0
188,15708710,Ford,525,Spain,Female,37,0.0,0.0,1,0,1,131521.72,0
1450,15726556,Macgroarty,594,Germany,Female,26,6.0,135067.52,2,0,0,131211.86,0
7949,15592854,Garcia,705,France,Male,25,3.0,113736.27,1,0,1,196864.61,0
2597,15763665,Y?,833,France,Female,28,4.0,136674.51,2,0,0,5278.78,0
988,15613749,Lees,569,Spain,Male,34,0.0,151839.26,1,1,0,102299.81,1
2171,15662151,Gould,554,France,Male,40,4.0,0.0,1,0,1,168780.04,0
3963,15600911,Mbadiwe,712,France,Male,33,2.0,182888.08,1,1,0,3061.0,0
2292,15778157,Murray,598,Spain,Male,27,8.0,90721.52,2,1,0,109296.18,0
5805,15663933,Jamieson,625,Germany,Female,35,5.0,86147.46,2,1,0,163440.8,1
5645,15783522,Mitchell,738,Spain,Female,37,8.0,100565.94,1,1,1,128799.86,0
8574,15794159,Highett,633,France,Female,26,8.0,124281.84,1,1,1,60116.57,0
72,15620344,McKee,813,France,Male,29,6.0,0.0,1,1,0,33953.87,0
9343,15694321,Su,619,France,Female,28,3.0,0.0,2,1,0,53394.12,0
8024,15752588,Vasilyeva,664,France,Male,36,1.0,0.0,2,1,1,95372.64,0
3829,15809777,Gadsden,497,Germany,Female,55,7.0,131778.66,1,1,1,9972.64,0
5472,15623202,Maslov,704,Germany,Female,39,10.0,102556.18,2,1,0,171971.25,1
1334,15734942,Nnamutaezinwa,539,Germany,Female,38,8.0,82407.51,1,1,0,13123.41,0
6486,15635197,Glover,640,Germany,Male,26,5.0,90402.77,1,1,1,3298.65,0
1906,15566843,Gotch,535,Germany,Male,20,9.0,134874.4,1,1,1,118825.56,0
8606,15748920,Cherkasova,561,France,Female,49,8.0,0.0,2,1,1,12513.07,0
8139,15588580,Kennedy,584,Germany,Female,36,4.0,109646.83,1,1,1,70240.79,0
8867,15810995,Wright,526,Germany,Male,34,3.0,122726.56,1,1,1,46772.36,0
6295,15742824,Isayeva,696,Germany,Male,42,7.0,162318.61,1,1,0,121061.89,0
1013,15655274,Bardin,548,France,Female,29,4.0,0.0,2,0,1,48673.18,0
2786,15771417,Thomas,640,France,Male,43,7.0,132412.38,1,0,0,69584.3,1
4784,15729224,Jennings,710,France,Female,37,5.0,0.0,2,1,0,115403.31,0
6054,15677908,Gilbert,552,Spain,Male,42,4.0,0.0,2,0,0,195692.3,0
8704,15595350,Fermin,661,France,Female,31,3.0,136067.82,2,1,0,65567.91,0
2651,15813439,Ch'ien,587,France,Male,33,5.0,100116.82,1,1,0,34215.58,0
2609,15733768,Hou,600,France,Male,32,1.0,0.0,1,1,1,101986.16,0
6702,15629390,Liao,653,France,Male,37,7.0,135847.47,1,1,0,144880.81,0
418,15695632,Dellucci,556,France,Female,39,9.0,89588.35,1,1,1,94898.1,0
4508,15587690,Madueke,592,France,Male,28,2.0,116498.22,1,1,0,144290.25,0
766,15812351,Beluchi,710,Spain,Female,27,2.0,135277.96,1,1,0,142200.15,0
5345,15566269,Chialuka,787,France,Male,25,5.0,0.0,2,1,0,47307.9,0
9136,15664432,Chao,727,Spain,Female,49,7.0,96296.78,1,1,0,190457.87,1
5982,15801296,Farber,634,Germany,Female,37,7.0,143258.85,2,1,0,192721.98,0
6131,15651144,Yao,632,Germany,Female,35,2.0,150561.03,2,0,0,64722.61,0
9149,15595640,Rizzo,698,France,Male,37,8.0,0.0,2,0,0,145004.39,0
3177,15613014,Hs?,722,Germany,Male,29,1.0,107233.85,2,1,0,24924.92,0
2345,15642345,Y?,714,Germany,Female,49,4.0,93059.34,1,1,0,7571.51,1
5240,15750811,Woodward,766,Germany,Male,44,3.0,116822.7,1,0,0,197643.24,0
7861,15716501,Moon,659,France,Male,32,9.0,95377.13,1,0,1,187551.24,0
3359,15750638,Obiajulu,705,Germany,Female,33,5.0,116765.7,1,0,0,190659.17,1
3739,15813697,Onyekaozulu,498,Germany,Female,44,2.0,120702.67,2,1,1,98175.74,0
8056,15659807,Nwachinemelu,657,Spain,Male,41,8.0,109402.13,1,1,1,66463.62,0
7634,15727811,Ts'ui,661,Germany,Female,47,0.0,109493.62,1,0,0,188324.01,1
4586,15627881,Diehl,603,France,Male,30,8.0,0.0,2,1,1,47536.46,0
6121,15636423,Lei,715,France,Male,40,7.0,0.0,1,1,1,141359.11,0
4800,15656683,Johnson,551,France,Male,52,1.0,0.0,1,0,0,63584.55,1
9302,15583857,Siciliano,623,Spain,Female,43,4.0,123536.52,2,0,0,154908.52,0
762,15582741,Maclean,693,France,Female,35,5.0,124151.09,1,1,0,88705.14,1
7012,15609356,Chimaraoke,697,France,Female,25,1.0,0.0,2,0,0,87803.32,0
662,15699637,Anenechi,694,Spain,Male,57,8.0,116326.07,1,1,1,117704.65,0
6477,15701412,T'ien,739,France,Male,40,4.0,0.0,2,0,0,173321.65,0
8184,15694641,Wright,621,Spain,Female,59,2.0,0.0,2,1,1,171364.18,0
8209,15636551,Nixon,711,France,Female,29,3.0,130181.47,2,1,0,31811.44,0
2237,15712849,Tung,632,Germany,Male,41,3.0,126550.7,1,0,0,177644.52,1
7428,15664720,Kovalyova,714,Spain,Male,33,8.0,122017.19,1,0,0,162515.17,0
7395,15673747,Ayers,519,France,Female,22,8.0,0.0,1,0,1,167553.06,0
8806,15758546,Norton,850,Spain,Male,39,8.0,0.0,2,1,1,37090.44,0
747,15787619,Hsieh,844,France,Male,18,2.0,160980.03,1,0,0,145936.28,0
44,15755196,Lavine,834,France,Female,49,2.0,131394.56,1,0,0,194365.76,1
9634,15668057,K?,669,France,Female,31,6.0,113000.66,1,1,0,40467.82,0
2205,15762803,Innes,509,France,Male,31,3.0,0.0,2,1,0,15360.91,0
6144,15654096,Johnston,779,Germany,Female,24,10.0,122200.31,2,1,0,43705.56,0
697,15727299,Edgar,445,Spain,Male,62,1.0,64119.38,1,1,1,76569.64,1
1778,15701946,Ndubueze,715,France,Male,34,4.0,124314.45,1,0,0,97782.92,0
9586,15610557,McCarthy,695,Spain,Female,35,7.0,79858.13,2,1,1,127977.66,0
503,15714485,Udinese,774,France,Male,60,5.0,85891.55,1,1,0,74135.48,1
299,15650068,Johnson,511,France,Male,58,0.0,149117.31,1,1,1,162599.51,0
5421,15583462,Graham,695,France,Male,28,5.0,171069.39,2,1,1,88689.4,0
3883,15568328,Black,488,France,Female,22,6.0,0.0,2,1,1,66393.89,0
474,15681705,Fanucci,785,France,Male,28,8.0,0.0,2,1,0,77231.27,0
103,15580146,Hung,738,France,Male,31,9.0,82674.15,1,1,0,41970.72,0
2614,15665221,Nwebube,630,France,Male,26,7.0,129837.72,2,0,1,197001.15,0
6324,15615828,Mitchell,550,France,Male,34,8.0,122359.5,1,0,0,116495.55,0
8638,15632967,Feng,520,France,Male,34,3.0,0.0,2,1,1,104703.96,0
8051,15708193,Liu,707,France,Male,33,2.0,0.0,2,0,0,130866.95,0
8709,15776939,Zox,778,Germany,Female,48,3.0,102290.56,2,1,0,182691.31,0
3887,15720941,Tien,710,Germany,Male,34,8.0,147833.3,2,0,1,1561.58,0
6491,15620751,Secombe,760,France,Male,34,2.0,0.0,2,1,0,164162.44,0
6233,15718242,Wollstonecraft,725,Germany,Female,47,1.0,104887.43,1,0,0,86622.56,1
116,15675522,Ko,628,Germany,Female,30,9.0,132351.29,2,1,1,74169.13,0
3679,15609458,Vincent,797,France,Male,30,10.0,69413.44,1,1,1,74637.57,0
9823,15781298,Hughes,808,Germany,Male,39,3.0,124216.93,1,0,1,171442.36,0
49,15766205,Yin,550,Germany,Male,38,2.0,103391.38,1,0,1,90878.13,0
2024,15731890,Chukwukere,601,France,Male,41,1.0,123971.16,1,0,1,172814.99,0
1649,15655574,Okeke,698,Germany,Female,40,8.0,150777.1,1,1,0,114732.62,0
549,15595440,Kryukova,508,France,Male,49,7.0,122451.46,2,1,1,75808.1,0
6368,15568742,Parkes,536,France,Female,41,9.0,0.0,1,1,0,121299.14,0
5060,15579915,Glennon,707,France,Male,29,4.0,0.0,2,1,0,139953.94,0
2460,15756920,Genovesi,576,France,Male,63,9.0,70655.48,1,0,0,78955.8,1
4570,15617082,Sanders,516,France,Male,33,7.0,115195.58,1,1,1,11205.5,0
9818,15812611,Lorimer,690,Spain,Female,30,5.0,0.0,2,0,1,78700.03,0
8943,15709780,Azuka,667,France,Female,37,9.0,71786.9,2,1,1,67734.79,0
9622,15639549,Jen,718,Germany,Female,33,4.0,70541.06,1,0,0,88592.8,0
196,15594815,Aleshire,807,France,Male,35,3.0,174790.15,1,1,1,600.36,0
4765,15657637,Ts'ui,696,Spain,Female,36,3.0,0.0,3,1,0,65039.9,0
1678,15801767,Yin,784,Spain,Female,40,8.0,0.0,2,1,0,108891.3,0
9218,15762588,Kaleski,644,France,Male,31,5.0,0.0,2,1,1,41872.17,0
5484,15666032,Mancini,568,Spain,Male,28,1.0,127289.28,1,0,0,45611.51,0
7521,15665087,Bergamaschi,595,Germany,Female,26,8.0,118547.72,1,1,1,151192.18,0
9066,15693637,Ochoa,556,France,Female,30,7.0,0.0,2,1,1,186648.19,0
3978,15813894,Bogle,620,Spain,Male,21,9.0,0.0,2,0,0,154882.79,0
2382,15774151,Iadanza,614,Spain,Female,41,7.0,179915.85,1,0,0,14666.35,1
2267,15629323,Kelechi,617,Germany,Female,37,4.0,116471.43,2,1,0,175324.74,1
9261,15649618,Tomlinson,799,Germany,Female,39,7.0,167395.6,2,0,1,139537.43,0
1255,15610383,Dumetolisa,628,France,Female,46,1.0,46870.43,4,1,0,31272.14,1
8387,15641110,Abron,708,France,Male,41,0.0,0.0,1,1,0,128400.62,0
1540,15797686,Howard,558,France,Male,38,8.0,113000.92,1,1,1,152872.39,0
9012,15717498,Boni,775,France,Male,42,6.0,133970.22,2,0,1,187839.9,0
9541,15634551,Williamson,727,Germany,Male,46,3.0,115248.11,4,1,0,130752.01,1
5670,15706706,Chinwendu,648,Germany,Male,33,7.0,135310.41,2,0,1,171668.2,0
1378,15808228,Tuan,768,Spain,Female,44,6.0,60603.4,1,1,1,178045.97,0
3659,15661903,Hsia,699,France,Female,43,3.0,80764.03,1,1,0,199378.58,1
6420,15767804,Feng,729,France,Male,44,6.0,0.0,2,1,0,151733.43,0
2538,15723706,Abbott,573,France,Female,33,0.0,90124.64,1,1,0,137476.71,0
3998,15690620,Olisaemeka,665,France,Male,39,10.0,46323.57,1,1,0,136812.02,0
3837,15602797,Okwudilichukwu,645,Spain,Female,49,5.0,110132.55,3,0,1,187689.91,1
3507,15806511,Berry,445,Spain,Male,45,10.0,0.0,2,0,1,90977.48,0
4674,15764661,Wang,644,France,Male,33,2.0,0.0,1,1,0,96420.58,0
2808,15780128,Ogbonnaya,705,France,Male,33,3.0,144427.96,2,1,0,113845.19,0
2277,15684951,He,542,France,Female,59,2.0,68892.77,2,1,0,7905.06,1
7907,15712960,Olisanugo,613,Spain,Male,37,3.0,171653.17,1,0,1,5353.12,0
2743,15576126,Young,649,France,Female,41,2.0,125785.23,1,1,1,70523.92,0
8241,15708504,Wong,790,Germany,Male,50,8.0,121438.58,1,1,1,176471.78,1
7915,15777179,Ellis,687,France,Male,35,9.0,0.0,2,0,1,73133.82,0
2165,15794479,Becker,767,Spain,Male,77,8.0,149083.7,1,1,1,190146.83,0
7780,15699225,Pirozzi,757,France,Male,46,0.0,0.0,2,1,0,37460.05,0
5482,15606397,Cameron,577,Germany,Female,44,1.0,152086.15,1,0,1,44719.5,1
1261,15743532,Ball,704,Germany,Male,27,5.0,147004.34,1,1,0,64381.33,1
7164,15649379,Somayina,850,France,Female,46,3.0,0.0,2,1,1,187980.21,0
5116,15727317,Brady,533,Germany,Female,49,1.0,102286.6,3,1,0,69409.37,1
5864,15778515,Wu,748,France,Male,40,3.0,95297.11,1,0,0,171515.84,0
4563,15795895,Yermakova,678,Germany,Male,36,1.0,117864.85,2,1,0,27619.06,0
7059,15671769,Zikoranachidimma,624,France,Female,71,4.0,170252.05,3,1,1,73679.59,1
5847,15569945,Horsley,509,Spain,Male,29,1.0,0.0,2,1,0,69113.14,0
8989,15812279,William,634,France,Male,37,5.0,115345.86,2,0,0,168781.8,0
903,15792388,Li,645,France,Female,48,7.0,90612.34,1,1,1,149139.13,0
713,15629448,Brady,632,Spain,Male,38,1.0,120599.21,1,1,0,92816.86,0
7889,15683657,Stephenson,594,France,Female,31,0.0,79340.95,1,1,0,78255.86,0
9510,15609804,Hyde,688,France,Male,29,1.0,0.0,2,1,0,154695.57,0
3057,15762605,Wall,685,France,Male,58,1.0,104796.54,1,1,1,154181.41,0
2456,15727490,Scott,661,France,Male,47,5.0,0.0,1,0,1,107243.31,1
7756,15680843,Sherrod,675,France,Male,34,8.0,0.0,2,1,1,184842.21,0
6133,15691874,Kazakova,687,France,Female,34,9.0,125474.44,1,1,0,198929.84,0
4853,15574137,Ch'in,687,Spain,Male,35,3.0,0.0,2,1,1,176450.19,0
9554,15809585,H?,646,France,Male,38,7.0,0.0,2,1,0,1528.4,0
1156,15768006,Wu,729,France,Male,34,3.0,152303.8,1,1,0,12128.69,0
6591,15674868,Wei,696,Spain,Female,30,0.0,0.0,2,1,1,9002.8,0
5104,15808526,Cartwright,783,Germany,Female,58,3.0,127539.3,1,1,1,96590.39,1
2719,15783444,Endrizzi,788,France,Female,39,3.0,135139.33,1,0,1,113086.08,0
1136,15656121,Medvedeva,733,Germany,Male,31,6.0,157791.07,2,0,0,177994.81,0
8667,15785920,Black,687,Germany,Male,35,1.0,125141.24,2,1,1,148537.07,0
1296,15737748,McWilliam,534,Spain,Female,33,3.0,151233.62,1,0,0,199336.63,0
7296,15696361,Chung,648,Germany,Male,31,7.0,125681.51,1,0,1,129980.93,0
581,15692671,Dobson,701,Spain,Male,36,8.0,0.0,2,1,0,169161.46,0
4373,15730137,Udegbulam,628,France,Male,31,0.0,88421.81,1,0,0,72350.47,0
6282,15656921,Locke,850,France,Male,31,4.0,0.0,2,0,0,152298.28,0
393,15573456,Cunningham,648,Spain,Male,46,9.0,127209.0,2,1,0,77405.95,1
8490,15686538,Nixon,522,France,Female,41,7.0,0.0,2,0,1,176780.39,0
6091,15738785,Kang,545,France,Male,26,7.0,0.0,2,0,1,156598.23,0
7782,15759184,Russell,705,France,Male,34,7.0,117715.84,1,1,0,2498.67,0
3618,15663446,Volkova,792,Germany,Female,29,4.0,107601.79,1,1,0,18922.18,1
3430,15674678,Bradley,731,Germany,Female,43,9.0,79120.27,1,0,0,548.52,1
6621,15751297,Wilson,732,France,Male,36,5.0,0.0,2,1,0,161428.25,0
2263,15586264,Murray,572,France,Male,43,2.0,140431.98,1,1,0,26450.57,1
3448,15612092,Palmer,646,Germany,Male,32,8.0,105397.8,1,1,0,78111.84,1
5094,15787255,Manfrin,650,Germany,Female,55,2.0,140891.46,3,1,1,179834.45,1
4845,15720814,Warren,670,Germany,Female,36,2.0,84266.44,2,0,0,38614.69,0
4932,15772341,Hs?eh,682,Germany,Male,81,6.0,122029.15,1,1,1,50783.88,0
293,15655774,Booth,583,France,Male,27,7.0,0.0,2,1,0,51285.49,0
5838,15657603,Finch,850,France,Female,35,6.0,81684.97,1,1,0,824.0,0
2346,15641250,Calabresi,794,Spain,Male,38,9.0,179581.31,1,1,0,23596.24,0
8344,15591698,P'eng,849,Germany,Female,49,9.0,132934.89,1,1,0,171056.65,1
9501,15645600,Obidimkpa,739,Spain,Female,27,8.0,98926.4,1,1,1,106969.98,0
7777,15685243,Jamieson,736,France,Female,63,10.0,0.0,2,0,1,502.7,0
1345,15691104,Kennedy,460,Germany,Female,40,6.0,119507.58,2,1,0,91560.63,1
8123,15603749,Galkina,564,France,Female,53,2.0,45472.28,1,1,1,41055.71,1
2427,15759038,Whitehead,793,France,Female,41,3.0,141806.46,1,1,0,102921.17,0
635,15738181,Douglas,850,France,Male,31,6.0,67996.23,2,0,0,50129.87,1
4276,15763895,Hung,536,France,Male,32,7.0,178011.5,2,1,0,22375.14,0
4812,15686941,Hutchinson,575,Spain,Female,26,7.0,0.0,2,1,0,112507.63,0
6585,15584229,Simon,671,Germany,Female,23,9.0,123943.18,1,1,1,159553.27,0
3447,15764654,Zikoranachidimma,649,France,Male,37,9.0,87374.88,2,1,1,247.36,0
223,15727829,McIntyre,567,France,Male,42,2.0,0.0,2,1,1,167984.61,0
9720,15724321,Baresi,516,Germany,Female,47,9.0,128298.74,1,0,0,149614.17,1
326,15736601,Tai,716,France,Male,35,4.0,144428.87,1,1,0,134132.65,0
1557,15772777,Onyemachukwu,850,Spain,Female,29,10.0,0.0,2,1,1,94815.04,0
8366,15659949,Chiu,850,France,Male,31,1.0,96399.31,2,1,0,106534.15,0
9896,15796764,Bruno,684,Germany,Female,56,3.0,127585.98,3,1,1,80593.49,1
882,15571928,Fraser,679,France,Female,43,4.0,0.0,3,1,0,115136.51,1
5676,15757897,Binder,766,France,Female,26,3.0,104258.8,1,1,1,428.23,0
8441,15781127,Giordano,663,Spain,Female,33,8.0,96769.04,1,1,1,36864.05,0
3220,15611191,Scott,505,Germany,Female,37,10.0,122453.97,2,1,1,52693.99,0
7841,15611756,Chapman,537,Germany,Female,47,4.0,124192.28,2,1,1,50881.51,0
6090,15711316,Ch'ang,771,France,Male,27,2.0,0.0,2,1,1,199527.34,0
2936,15689425,Olejuru,687,Spain,Male,35,8.0,100988.39,2,1,0,22247.27,0
4077,15676404,Kirillov,672,France,Female,50,1.0,0.0,1,1,0,12106.82,1
8258,15738018,Johnston,571,France,Male,40,5.0,0.0,2,0,0,72849.29,0
6726,15639552,Mellor,603,Germany,Female,40,8.0,148897.02,1,0,0,105052.9,0
3167,15746203,Hsia,555,Germany,Male,62,4.0,119817.33,1,0,1,43507.1,1
3194,15725794,Winters,659,France,Female,49,1.0,0.0,1,1,0,116249.72,1
9927,15603674,Knight,803,France,Male,36,1.0,0.0,2,1,1,149370.93,0
7964,15774316,Moretti,630,France,Male,37,6.0,0.0,2,1,1,82647.65,0
1008,15573086,Millar,564,France,Male,42,7.0,99824.45,1,1,1,36721.4,0
5654,15569764,Garner,687,Germany,Female,41,2.0,154007.21,1,1,0,158408.23,0
7774,15679818,Yuan,636,Germany,Male,67,7.0,136709.35,1,0,1,66753.1,1
6354,15676353,Etheridge,598,France,Male,35,8.0,114212.6,1,1,1,74322.85,0
8756,15697510,Tien,707,Spain,Female,52,7.0,0.0,1,1,0,109688.82,1
2858,15769829,Cheng,534,Spain,Male,51,3.0,0.0,2,0,1,20856.31,0
9728,15807728,Ferri,530,France,Female,45,1.0,0.0,1,0,1,190663.89,1
7741,15725906,Hankinson,665,Spain,Female,51,8.0,0.0,1,1,1,38928.48,1
352,15593365,Shih,762,Spain,Male,39,2.0,81273.13,1,1,1,18719.67,0
6286,15655229,Craig,850,Germany,Female,35,7.0,114285.2,1,0,1,129660.59,0
8255,15664311,Yang,637,Germany,Male,28,3.0,123675.69,1,1,1,166458.41,0
5511,15636330,Ch'in,588,Germany,Female,48,1.0,143279.58,2,1,0,31580.8,1
7540,15609987,Smith,755,France,Male,42,2.0,119919.12,1,1,0,156868.21,0
2703,15670172,Padovesi,622,France,Female,30,4.0,107879.04,1,0,1,196894.62,0
4859,15632050,Liebe,779,France,Female,41,10.0,99786.2,1,1,0,86927.53,0
3831,15720713,Chibueze,850,France,Female,29,10.0,0.0,2,1,1,199775.67,0
6430,15623102,Nnaemeka,713,Spain,Male,38,6.0,116980.78,2,0,1,76038.38,0
7961,15772479,Napolitano,673,France,Male,37,4.0,0.0,2,0,0,163563.07,0
4367,15669060,Woolnough,662,France,Male,74,6.0,0.0,2,1,0,123583.85,0
7614,15768449,Ricci,634,France,Female,37,7.0,51582.5,2,1,1,184312.88,0
6182,15797194,T'ao,570,France,Male,39,10.0,129674.89,2,1,0,80552.36,0
6735,15723318,Mactier,619,France,Female,55,0.0,0.0,3,0,0,60810.64,1
347,15658935,Freeman,630,Germany,Female,34,9.0,106937.05,2,1,0,138275.01,0
3803,15629551,Cattaneo,615,Germany,Female,44,9.0,126104.98,2,0,1,110718.02,0
9144,15793197,Bailey,676,France,Female,34,8.0,100359.54,1,0,0,46038.28,0
6990,15811877,Shao,700,France,Female,36,4.0,0.0,2,1,0,130789.15,0
2110,15589224,Moore,596,Spain,Male,41,5.0,0.0,2,0,1,141053.85,0
567,15651674,Billson,438,Spain,Female,54,2.0,0.0,1,0,0,191763.07,1
5821,15717231,Yang,721,Germany,Male,37,4.0,98459.6,1,0,0,90821.66,0
6795,15694098,Jackson,575,France,Female,54,9.0,68332.96,1,1,1,144390.75,0
7717,15687540,Obiuto,684,France,Male,32,9.0,100249.41,2,0,1,67599.69,0
478,15809722,Ankudinov,611,France,Female,40,8.0,100812.33,2,1,0,147358.27,0
6911,15709199,Burson,511,Spain,Female,40,1.0,0.0,1,1,1,184118.73,0
2623,15787026,Onwuatuegwu,627,Germany,Male,27,0.0,185267.45,2,1,1,77027.34,0
2239,15808784,Hess,835,France,Male,28,2.0,163569.61,2,1,1,154559.28,0
1575,15693018,Ermakova,678,Germany,Male,23,10.0,115563.71,1,1,1,91633.53,0
9076,15635942,Thomson,576,France,Male,40,9.0,0.0,2,1,0,112465.19,1
3636,15571689,Kelechi,740,France,Female,37,5.0,0.0,2,1,1,27528.4,0
2931,15573452,Manning,663,Germany,Male,42,7.0,115930.87,1,1,0,19862.78,0
1593,15729668,Elizabeth,521,Spain,Male,29,3.0,60280.62,1,1,0,154271.41,0
5300,15792989,Bianchi,543,France,Female,71,1.0,104308.77,1,1,1,25650.04,0
1506,15798975,Doherty,606,Germany,Male,48,4.0,132403.56,1,0,0,36091.91,1
7971,15577398,Ch'eng,850,France,Male,30,6.0,86449.39,1,1,1,188809.23,0
251,15628112,Hughes,771,Germany,Female,36,5.0,77846.9,1,0,0,99805.99,0
9181,15568326,Kenenna,637,France,Female,44,2.0,0.0,2,1,0,149665.65,0
1354,15623644,Frolov,626,Spain,Male,29,7.0,0.0,2,1,0,49361.84,0
4740,15774536,He,607,France,Female,32,6.0,0.0,2,0,0,196062.01,0
7047,15737627,Rivero,589,Germany,Female,20,2.0,121093.29,2,1,0,3529.72,0
1388,15674526,Byrne,725,France,Male,66,4.0,86459.8,1,1,1,141476.56,0
643,15809663,Donaldson,583,France,Female,27,1.0,125406.58,1,1,1,110784.42,0
7771,15809509,Venables,699,France,Male,29,3.0,125689.29,1,1,1,151623.71,0
4063,15800083,Macdonald,559,France,Male,45,8.0,24043.45,1,0,1,169781.45,1
5969,15603743,Tai,526,France,Male,28,1.0,112070.44,1,0,1,126281.83,0
4692,15758050,Madukwe,622,Spain,Male,37,4.0,0.0,2,1,0,4459.5,0
1793,15746451,Barry,686,Spain,Male,41,7.0,102749.72,1,0,1,194913.86,0
6692,15651389,Kay,561,Spain,Male,24,8.0,143656.55,1,0,1,180932.46,0
8249,15778049,Wyatt,633,Germany,Male,29,6.0,117412.35,1,0,0,30338.94,0
9538,15780409,Egobudike,783,France,Male,40,6.0,0.0,2,1,0,109742.55,0
6537,15756743,Howells,625,France,Female,37,7.0,115895.42,1,1,0,48486.25,0
7845,15667633,Allen,612,France,Female,38,1.0,0.0,2,1,1,9209.21,0
8220,15607560,Groom,572,France,Female,39,2.0,0.0,2,1,1,555.28,0
2104,15630241,Tretyakova,594,France,Male,61,3.0,62391.22,1,1,1,192434.11,0
8720,15811415,Jenks,691,France,Female,44,6.0,134066.1,2,1,1,197572.41,0
6132,15749401,Ko,686,France,Male,60,9.0,0.0,3,1,1,75246.21,1
9232,15767781,Godfrey,648,France,Male,38,10.0,82697.28,1,1,0,74846.67,0
4885,15569274,Pisano,678,Germany,Male,49,2.0,116933.11,1,1,0,195053.58,1
4781,15680046,Onochie,711,Spain,Male,36,8.0,0.0,2,1,0,55207.41,0
8200,15798532,Crawford,810,France,Male,32,9.0,120879.73,2,0,1,78896.59,0
3002,15675949,Fleming,696,Spain,Female,43,4.0,0.0,2,1,1,66406.37,0
9596,15724543,Mao,597,France,Male,61,5.0,0.0,2,1,1,81299.17,0
5342,15654025,Jones,646,France,Female,51,4.0,101629.3,1,0,0,130541.1,0
8791,15691792,Young,416,Spain,Male,35,8.0,0.0,1,0,0,119712.78,0
6973,15706232,Niu,595,France,Male,52,9.0,0.0,1,1,1,106340.66,1
3142,15769596,Yen,710,Germany,Female,24,2.0,110407.44,2,0,0,15832.43,1
556,15775318,Lu,590,Spain,Female,51,3.0,154962.99,3,0,1,191932.27,1
6605,15801188,Milliner,774,France,Female,47,6.0,94722.88,1,0,1,61450.96,0
9203,15735782,MacDonald,528,France,Male,31,9.0,120962.59,1,1,0,5419.31,0
5159,15789582,Macleod,587,France,Male,55,9.0,0.0,1,1,0,64593.07,0
4036,15792607,Little,769,France,Female,38,2.0,0.0,2,0,0,75578.67,0
4625,15710543,Okwuoma,629,France,Male,46,1.0,130666.2,1,1,1,161125.67,1
6242,15571995,Harper,775,Germany,Female,33,1.0,118897.1,2,1,1,26362.4,0
6374,15638269,Baresi,597,France,Male,67,2.0,0.0,2,0,1,108645.85,0
1304,15683930,Ch'iu,593,Germany,Female,32,9.0,134096.53,2,1,0,53931.05,1
5961,15728917,Gill,598,France,Male,48,6.0,120682.53,1,1,0,30635.52,1
8403,15766683,Coombes,549,Germany,Male,36,6.0,139422.37,1,0,0,83983.39,1
1137,15614220,Benson,750,France,Male,22,5.0,0.0,2,0,1,105125.65,0
8716,15750837,Landseer,579,Germany,Male,41,0.0,141749.68,1,0,1,9201.53,0
403,15781589,Carpenter,751,Spain,Male,52,8.0,0.0,2,0,1,179291.85,0
7430,15644878,Hill,685,Spain,Female,43,6.0,117302.62,1,0,0,68701.73,0
9228,15644977,Goddard,776,France,Female,31,5.0,0.0,2,1,0,92647.94,0
1084,15692583,Udobata,678,France,Female,32,5.0,0.0,2,1,0,90284.47,0
8496,15801436,K'ung,696,France,Male,42,4.0,0.0,1,0,0,126353.13,1
9956,15611338,Kashiwagi,714,Spain,Male,29,4.0,0.0,2,1,1,37605.9,0
489,15731744,Carslaw,692,France,Male,30,2.0,0.0,2,0,1,130486.57,0
8460,15760063,Chiedozie,595,Spain,Male,23,7.0,0.0,2,1,1,168085.97,0
6444,15764927,Rogova,753,France,Male,92,3.0,121513.31,1,0,1,195563.99,0
5012,15609011,Barry,480,Spain,Male,47,8.0,75408.33,1,1,0,25887.89,1
2069,15629338,Collingridge de Tourcey,658,Spain,Female,31,2.0,36566.96,1,1,0,103644.98,1
6239,15589437,Lu,466,France,Male,26,3.0,156815.71,1,1,1,137476.09,0
7346,15567834,Nieves,719,France,Male,49,5.0,105918.1,1,1,1,16246.59,0
2548,15634772,Mario,682,Spain,Female,59,0.0,122661.39,1,0,1,84803.76,0
1985,15737605,Morris,531,Spain,Female,45,1.0,126495.57,2,1,1,164741.5,0
3007,15720943,Pirozzi,747,France,Female,45,1.0,114959.12,1,1,0,189362.39,1
720,15653780,Kambinachi,621,France,Female,43,5.0,0.0,1,1,1,47578.45,0
873,15794549,Andrews,722,France,Female,35,2.0,163943.89,2,1,1,15068.18,0
1426,15583668,Ludowici,726,France,Female,42,2.0,109471.79,1,0,1,175161.05,0
6201,15569654,Munro,850,Germany,Female,31,3.0,51293.47,1,0,0,35534.68,0
7797,15773949,Cherkasova,692,France,Female,36,3.0,0.0,2,1,1,8282.22,0
6410,15690695,Flynn,683,France,Female,33,9.0,0.0,2,1,1,38784.42,0
6811,15642996,Tsai,546,Germany,Female,42,9.0,86351.85,2,1,0,57380.13,0
3301,15801904,Heard,677,Germany,Male,28,0.0,143988.0,2,1,0,8755.69,1
1622,15777797,Kovalyova,689,Spain,Male,38,5.0,75075.14,1,1,1,8651.92,1
8131,15588928,Maslow,704,France,Male,47,5.0,0.0,2,1,1,145338.61,0
1758,15704763,Kozlova,523,Germany,Female,39,1.0,143903.11,1,1,1,118711.75,1
7439,15676156,Boyle,528,France,Female,32,4.0,85615.66,2,1,0,156192.43,0
1767,15645543,Bell,636,France,Female,34,3.0,0.0,2,1,1,44756.25,0
8279,15628715,Kisch,709,France,Female,36,8.0,0.0,2,1,1,69676.55,0
5197,15670822,Palmer,719,France,Female,22,7.0,114415.84,1,1,1,177497.4,0
4026,15640769,Hobbs,660,France,Male,63,8.0,137841.53,1,1,1,42790.29,0
8762,15738088,Parkin,634,Spain,Male,63,10.0,0.0,2,1,0,30772.86,1
5471,15736124,Thompson,617,France,Male,25,1.0,102585.88,2,1,1,115387.4,0
5178,15588449,Chuang,591,Spain,Female,27,5.0,107812.67,1,0,1,162501.83,1
2372,15604345,Kemp,730,France,Female,22,9.0,65763.57,1,1,1,145792.01,0
8847,15616365,Obiuto,571,France,Female,53,2.0,0.0,2,1,0,28045.77,0
8637,15582892,Scott,601,France,Male,46,2.0,99786.07,1,1,1,32683.88,1
9236,15586680,Fleming,462,France,Male,27,4.0,176913.52,1,1,0,80587.27,0
9487,15605130,Seccombe,753,France,Male,32,6.0,177729.13,1,1,1,161642.08,0
9666,15745794,Cocci,547,France,Male,30,6.0,0.0,2,1,1,18471.86,0
1551,15599552,Conway,639,Spain,Female,54,2.0,0.0,2,1,1,53843.71,0
248,15599792,Dimauro,545,France,Female,26,1.0,0.0,2,1,1,199638.56,0
7645,15613673,Lung,675,France,Male,28,9.0,0.0,1,1,0,134110.93,0
7616,15611682,Rossi,590,Spain,Male,37,6.0,169902.92,1,1,1,128256.18,0
3043,15622833,Mahon,835,Germany,Female,29,10.0,130420.2,2,0,0,106276.55,0
4078,15659236,Iadanza,781,Spain,Male,33,3.0,0.0,2,1,1,42556.33,0
1631,15634950,Obiajulu,657,Germany,Male,57,8.0,107174.58,1,1,1,126369.55,1
3318,15575119,Hughes,779,France,Male,71,3.0,0.0,2,1,1,146895.36,1
6279,15793346,Ofodile,602,France,Female,72,3.0,0.0,2,1,1,171260.66,0
2539,15752838,Lucas,723,Spain,Male,38,6.0,0.0,2,1,1,94415.6,0
4696,15786739,Clements,669,France,Male,37,1.0,125529.55,1,1,1,162260.93,0
5528,15689602,Findlay,698,France,Male,38,2.0,130015.24,1,1,1,41595.3,0
5203,15713354,Morrice,597,Germany,Female,22,6.0,101528.61,1,1,0,70529.0,1
7414,15604536,Vachon,850,Germany,Female,31,4.0,164672.66,1,0,1,61936.1,0
321,15810834,Gordon,525,Spain,Female,57,2.0,145965.33,1,1,1,64448.36,0
2025,15633043,Fedorova,545,Spain,Female,39,6.0,0.0,1,0,0,38410.74,1
2689,15728474,Chienezie,558,Germany,Male,32,4.0,108235.91,1,1,1,143783.28,0
1994,15787189,Tai,824,Germany,Male,60,8.0,134250.17,3,0,0,153046.16,1
5030,15651272,Reyes,709,France,Male,38,5.0,0.0,2,1,1,81452.29,0
2124,15723320,Azubuike,651,Germany,Female,25,2.0,109175.14,2,1,0,114566.47,0
4775,15640421,Conway,811,France,Female,35,7.0,0.0,1,1,1,178.19,0
5562,15583073,Martin,771,Spain,Female,56,2.0,0.0,1,1,1,25222.6,1
8688,15724764,Lawley,667,Germany,Female,42,10.0,64404.26,2,0,0,26022.37,0
3781,15685290,Wall,595,Germany,Male,46,5.0,142360.62,2,1,0,48421.4,1
7175,15785339,H?,640,France,Female,50,9.0,117565.03,2,0,0,82559.77,0
2790,15747503,Hayward,705,Spain,Male,44,0.0,184552.12,1,1,0,68860.3,1
2429,15728006,Endrizzi,524,France,Male,40,2.0,180516.9,1,1,0,180002.42,0
1077,15750929,Burgess,702,Spain,Male,39,8.0,0.0,2,1,0,99654.13,0
3070,15570932,Pirozzi,666,France,Male,43,7.0,137780.74,2,1,1,119100.05,1
1662,15806447,Mazzanti,690,Germany,Male,32,0.0,106683.52,2,1,1,137916.49,0
5065,15671243,Y?,558,France,Female,47,9.0,0.0,2,1,0,103787.28,0
2860,15773503,Tsai,551,Spain,Male,32,4.0,0.0,2,1,0,53420.53,0
5195,15791550,Kelly,696,France,Male,27,4.0,87637.26,2,0,0,196111.35,0
3700,15577700,Rapuokwu,749,France,Male,37,10.0,185063.7,2,1,1,134526.87,0
7116,15773421,Genovese,673,France,Female,42,4.0,0.0,2,1,0,121440.8,0
2948,15793813,Onochie,774,France,Male,36,7.0,103688.19,1,0,1,118971.74,0
8242,15592451,Lombardi,565,France,Male,32,9.0,0.0,2,1,0,5388.3,0
826,15660602,Ch'eng,464,Germany,Male,33,8.0,164284.72,2,1,1,3710.34,0
6877,15680421,Challis,591,France,Female,42,10.0,0.0,2,0,0,171099.22,0
7681,15665181,Chung,808,Spain,Male,25,7.0,0.0,2,0,1,23180.37,0
4598,15677105,Rossi,706,Germany,Female,46,4.0,105214.58,1,1,0,108699.59,1
7887,15744979,Fowler,666,France,Female,36,8.0,0.0,1,0,1,158666.99,0
5200,15726310,Mordvinova,782,Spain,Female,27,3.0,0.0,2,1,0,143614.01,0
3665,15794137,Nevzorova,751,Germany,Female,37,0.0,151218.98,1,1,1,109309.29,0
9063,15753110,McKay,720,Spain,Male,64,3.0,45752.78,2,1,0,79623.28,1
4041,15679075,Onyemere,701,France,Male,37,8.0,107798.85,1,1,0,16966.73,0
8859,15668009,Hendley,747,Spain,Male,37,1.0,0.0,2,0,1,180551.76,0
6721,15647207,Onwuemelie,609,France,Male,26,7.0,0.0,2,1,0,98463.99,0
733,15723873,Ponomarev,657,Spain,Male,31,3.0,125167.02,1,0,0,98820.39,0
2879,15667751,Herrera,487,Spain,Female,36,1.0,140137.15,1,1,0,194073.33,0
5723,15700650,Cousens,681,France,Male,34,3.0,0.0,2,0,0,55816.2,0
5697,15723620,Lu,617,France,Male,41,7.0,0.0,2,0,1,14496.67,0
6832,15696989,Chukwueloka,469,Germany,Female,52,8.0,139493.25,3,0,0,150093.32,1
4787,15749799,Pisani,577,France,Female,34,2.0,0.0,2,1,1,84033.35,0
8494,15727619,Lock,753,Germany,Female,46,9.0,113909.69,3,1,0,92320.37,1
5151,15614716,Okwudilichukwu,515,France,Female,37,0.0,196853.62,1,1,1,132770.11,0
229,15637753,O'Sullivan,751,Germany,Male,50,2.0,96888.39,1,1,0,77206.25,1
6786,15640266,Windsor,621,Spain,Male,41,5.0,104631.67,1,1,1,95551.22,0
6080,15739292,Gorshkov,609,Germany,Male,31,9.0,103837.75,1,1,1,150218.11,0
2753,15626787,Wei,698,Spain,Female,31,8.0,185078.26,1,0,0,115337.74,1
8149,15572777,Meng,780,Spain,Male,47,7.0,86006.21,1,1,1,37973.13,0
7152,15608688,Andreyeva,442,France,Male,34,4.0,0.0,2,1,0,68343.08,0
8770,15646262,Ross,622,France,Male,31,7.0,0.0,1,1,0,35408.77,0
4017,15789753,Millar,480,France,Male,40,6.0,148790.61,1,0,1,79329.7,0
7590,15620832,Dean,723,France,Female,35,0.0,0.0,2,0,1,61290.99,0
9668,15696054,Tychonoff,596,France,Male,37,2.0,0.0,1,0,1,121175.86,0
3996,15633666,Efremov,701,Spain,Female,33,7.0,123870.07,1,1,0,97794.71,0
2268,15666823,Nebechi,425,France,Male,39,4.0,0.0,2,1,0,197226.32,0
5489,15628155,Dike,410,France,Female,35,7.0,117183.74,1,1,1,109733.73,0
5130,15764432,Hicks,588,Germany,Female,42,2.0,164307.77,1,1,0,48498.19,0
2474,15679249,Chou,351,Germany,Female,57,4.0,163146.46,1,1,0,169621.69,1
9780,15712568,Angelo,515,Spain,Male,40,10.0,121355.99,1,1,0,138360.29,0
5184,15621440,Soto,694,France,Male,38,1.0,0.0,2,0,1,156858.2,0
2181,15762902,Stanley,649,France,Female,42,7.0,0.0,2,0,1,22974.01,0
5455,15754301,Bruche,704,France,Male,39,5.0,0.0,1,1,0,6416.92,0
8142,15571843,Lawrence,486,Spain,Male,24,1.0,0.0,1,1,0,98802.76,0
8922,15629519,Yen,472,France,Female,37,1.0,0.0,2,1,1,48357.9,0
5939,15679668,Yao,850,Spain,Male,38,7.0,115378.94,1,0,1,162087.82,0
8778,15723064,Kistler,603,Spain,Male,24,1.0,165149.13,2,1,0,21858.28,0
2089,15615020,Nnaife,595,Germany,Female,41,9.0,150463.11,2,0,1,81548.38,0
8603,15684348,Zhdanova,656,France,Male,63,8.0,0.0,2,0,1,57014.43,0
1620,15770309,McDonald,656,France,Male,18,10.0,151762.74,1,0,1,127014.32,0
7115,15575243,Gorbunova,764,France,Female,39,1.0,129068.54,2,1,1,187905.12,0
2445,15572461,Kung,663,Germany,Female,29,4.0,102714.65,2,0,0,21170.81,0
1841,15569209,Amaechi,464,Spain,Female,34,5.0,76001.57,1,1,1,158668.87,0
387,15721181,Oliver,611,Spain,Male,46,6.0,0.0,2,1,0,45886.33,0
7928,15713426,Hancock,637,Germany,Male,30,1.0,122185.53,1,1,0,102566.46,1
1064,15762198,Capon,812,France,Male,34,5.0,103818.43,1,1,1,166038.27,0
4547,15738248,Lo,662,France,Female,37,5.0,0.0,2,1,0,151871.84,0
7921,15684296,Artyomova,714,France,Male,34,5.0,141173.03,1,0,1,98896.06,0
9499,15701932,Millar,586,France,Female,52,6.0,140900.97,1,1,1,67288.89,0
5495,15642821,Ijendu,383,Spain,Female,48,8.0,95808.19,1,0,0,137702.01,1
56,15760861,Phillipps,619,France,Male,43,1.0,125211.92,1,1,1,113410.49,0
327,15601848,Scott,594,France,Male,35,2.0,0.0,2,1,0,103480.69,0
6542,15685564,Nnamutaezinwa,748,Spain,Male,35,5.0,105492.53,1,1,1,150057.2,0
372,15774696,Cole,640,Germany,Female,75,1.0,106307.91,2,0,1,113428.77,0
862,15809100,Nucci,548,France,Female,32,2.0,172448.77,1,1,0,188083.77,1
1443,15796179,Moore,683,France,Male,43,8.0,0.0,1,1,0,96754.8,0
2255,15585533,Calabrese,679,France,Male,36,6.0,147733.64,1,0,1,172501.38,0
157,15655007,Li,758,France,Female,33,7.0,0.0,2,0,0,82996.47,0
2495,15671917,Wade,666,France,Male,46,5.0,123873.19,1,1,1,177844.06,0
7230,15635244,Ritchie,716,France,Female,29,6.0,0.0,2,1,1,98998.61,0
9535,15795488,Beneventi,773,Spain,Male,52,2.0,0.0,2,1,0,57337.79,0
8353,15641413,Crawford,587,Germany,Female,49,7.0,155393.98,2,1,0,13308.2,1
3456,15580988,Odell,842,France,Male,29,8.0,0.0,2,1,1,123437.05,0
1986,15627876,Pavlova,719,Spain,Female,47,9.0,116393.59,1,1,0,63051.32,1
752,15634245,Muecke,758,Germany,Female,47,9.0,95523.16,1,1,0,73294.48,0
6555,15632576,Yashina,520,France,Male,31,4.0,93249.4,1,1,0,77335.75,0
9566,15752294,Long,582,France,Female,38,9.0,135979.01,4,1,1,76582.95,1
6190,15572408,Chambers,714,Germany,Male,39,3.0,149887.49,2,1,0,63846.36,0
5170,15775430,Tsou,651,Germany,Male,31,7.0,138008.06,2,1,0,129912.74,0
104,15776605,Bradley,528,Spain,Male,36,7.0,0.0,2,1,0,60536.56,0
499,15591995,Barry,757,Germany,Male,26,8.0,121581.56,2,1,1,127059.04,0
1856,15570601,Cheng,785,France,Female,47,9.0,122031.55,1,1,1,33823.5,1
5392,15733661,Illingworth,639,Spain,Female,27,8.0,133806.54,2,1,0,6251.3,0
1878,15643630,Quaife,770,Spain,Male,55,9.0,63127.41,2,1,0,185211.28,1
8647,15792726,Sung,470,France,Female,25,8.0,127974.06,2,1,1,183259.35,0
6775,15569432,Macleod,656,France,Female,48,9.0,0.0,2,1,1,85240.61,1
9798,15721383,Harvey,627,Spain,Male,40,10.0,0.0,2,1,1,194792.42,0
8434,15658233,Naylor,724,France,Female,41,5.0,109798.25,1,0,1,149593.61,0
7110,15688210,Sims,670,France,Female,39,8.0,101928.51,1,0,0,89205.54,0
1735,15808846,Horton,672,Germany,Female,21,3.0,165878.76,2,1,1,164537.17,0
5811,15800688,Ch'en,495,Spain,Female,42,7.0,0.0,2,0,0,130404.53,0
1445,15703019,Okeke,583,France,Female,38,10.0,0.0,2,0,1,113597.64,0
8238,15737275,Conti,649,France,Male,39,3.0,113096.41,1,1,1,60335.24,0
759,15647099,Ts'ui,633,France,Female,37,9.0,156091.97,1,1,0,72008.61,0
6258,15617301,Chamberlin,774,Germany,Male,36,9.0,130809.77,1,1,0,152290.28,0
6594,15581332,Pan,655,Germany,Female,30,1.0,83173.98,2,1,1,184259.6,0
5505,15625584,Martin,786,France,Male,32,2.0,120452.4,2,0,0,79602.86,0
9760,15790093,Aguirre,627,France,Female,27,2.0,0.0,2,1,0,125451.01,0
8156,15715715,Artyomova,799,Spain,Male,38,2.0,0.0,2,1,1,59297.34,0
2889,15658339,Pugliesi,795,Germany,Male,37,2.0,139265.63,2,1,1,198745.94,0
7870,15693771,Y?an,651,Spain,Female,45,8.0,95922.9,1,1,0,84782.42,1
6333,15793046,Holden,619,France,Female,35,4.0,90413.12,1,1,1,20555.21,0
5525,15654975,Wu,641,France,Female,53,0.0,123835.52,2,0,1,160110.65,0
7972,15756848,Edmondson,633,Spain,Male,42,10.0,0.0,1,0,1,79408.17,0
2683,15732102,Darling,656,Germany,Female,27,3.0,150905.03,2,1,0,16998.72,0
2493,15778155,T'ien,520,Germany,Female,31,3.0,108914.17,1,1,1,183572.39,1
9150,15814331,Lung,597,Germany,Female,43,7.0,119127.46,2,1,0,55809.92,0
8159,15744127,Kosovich,641,France,Female,37,2.0,0.0,2,1,0,3939.87,0
4441,15760121,Maynard,712,France,Male,32,9.0,100606.02,1,1,0,165693.06,0
3029,15675185,Chuang,697,Germany,Female,48,2.0,108128.96,2,1,1,103944.37,0
6339,15784161,Hargreaves,583,Germany,Male,39,8.0,102945.01,1,0,0,52861.89,0
8727,15570289,Benson,697,Germany,Male,43,8.0,103409.16,1,1,0,66893.28,1
2695,15721585,Blacklock,628,Germany,Male,29,3.0,113146.98,2,0,1,124749.08,0
7740,15689952,Zuyeva,724,Spain,Male,41,5.0,0.0,1,0,1,115753.94,0
7114,15783859,Boni,733,France,Female,24,3.0,161884.99,1,1,1,9617.24,0
8974,15739271,Lei,582,Germany,Male,33,2.0,122394.0,1,1,1,22113.93,0
3738,15607577,Roberts,663,Spain,Male,27,8.0,0.0,1,1,1,188007.99,0
8801,15647890,Su,691,France,Male,37,9.0,149405.18,1,1,1,146411.6,0
964,15731815,Nepean,529,Spain,Male,63,4.0,96134.11,3,1,0,108732.96,1
5491,15722322,Green,655,Spain,Female,78,2.0,0.0,2,0,1,188435.38,0
5186,15801169,Yegorova,764,Germany,Female,39,9.0,138341.51,1,1,0,50072.94,1
5487,15783882,Daly,771,Spain,Female,41,5.0,0.0,2,0,1,92914.67,0
4222,15621064,Russell,701,Germany,Male,23,5.0,186101.18,2,1,1,76611.33,0
8780,15650322,Grigoryeva,701,France,Female,34,3.0,105588.66,1,0,1,74694.41,0
9521,15673180,Onyekaozulu,727,Germany,Female,18,2.0,93816.7,2,1,0,126172.11,0
5246,15588517,Sun,717,France,Male,38,7.0,0.0,2,1,1,158580.05,0
5642,15662232,Learmonth,675,Germany,Male,42,2.0,92616.64,2,1,0,8567.18,0
897,15733119,Mistry,718,France,Male,35,8.0,0.0,2,1,0,94820.85,0
3131,15813113,Chang,795,Spain,Female,56,5.0,0.0,1,1,0,35418.69,1
2635,15680278,Ts'ai,661,Spain,Female,42,9.0,75361.44,1,1,0,27608.12,1
346,15763859,Brown,840,France,Female,43,7.0,0.0,2,1,0,90908.95,0
2688,15679148,Oliver,508,France,Male,44,3.0,115451.05,2,0,0,67234.33,0
5380,15730796,Barker,627,France,Female,21,7.0,98993.02,1,1,1,169156.64,0
2359,15665438,Hs?,669,France,Male,43,1.0,163159.85,1,0,1,15602.8,0
3436,15719090,Osonduagwuike,676,Germany,Female,34,4.0,89437.03,1,1,1,189540.95,0
7438,15591248,Chukwumaobim,628,France,Female,29,9.0,71996.29,1,1,1,34857.46,0
3107,15800890,T'ien,554,France,Female,45,6.0,0.0,2,1,1,181204.5,0
17,15737452,Romeo,653,Germany,Male,58,1.0,132602.88,1,1,0,5097.67,1
8090,15623357,Onio,692,Germany,Male,24,2.0,120596.93,1,0,1,180490.53,0
6609,15576000,Chibueze,765,France,Male,40,6.0,138033.55,1,1,1,67972.45,0
5586,15656597,Wang,432,Germany,Male,38,2.0,135559.8,2,1,1,71856.3,0
4941,15799652,Daigle,763,France,Female,38,0.0,152582.2,2,0,0,31892.82,0
4203,15757588,Wright,526,France,Male,30,9.0,0.0,2,0,0,100995.68,0
7813,15695280,Hung,532,Germany,Male,24,8.0,142755.25,1,0,0,34231.48,0
7815,15598338,Mays,647,Germany,Female,33,3.0,168560.46,2,0,0,90270.16,0
9102,15660980,Cairns,597,Spain,Male,38,6.0,115702.67,2,1,1,25059.05,0
1697,15700255,Robson,814,Germany,Male,44,8.0,95488.82,2,0,0,107013.59,0
1414,15797733,Udobata,503,Germany,Male,30,10.0,136622.55,2,0,0,47310.24,0
8394,15752507,K?,769,Germany,Male,60,9.0,148846.39,1,1,0,192831.67,1
9015,15626383,Tang,596,Spain,Male,60,7.0,121907.97,1,0,1,30314.04,0
3897,15767894,Ch'ien,741,France,Female,21,9.0,0.0,2,0,1,139259.54,0
6641,15815615,Kung,681,France,Male,36,5.0,141952.07,1,1,1,185144.08,0
7495,15599272,Harrington,795,France,Female,36,1.0,151844.64,1,1,1,135388.89,0
4267,15673984,Daniels,536,France,Female,35,8.0,0.0,1,1,0,171840.24,1
1721,15725024,Pope,805,Germany,Female,33,3.0,105663.56,2,0,1,33330.89,0
9073,15777315,Hill,529,France,Male,43,6.0,93616.35,2,0,0,98348.66,0
9939,15593496,Korovin,526,Spain,Female,36,5.0,91132.18,1,0,0,58111.71,0
6894,15657540,Cremonesi,578,France,Male,50,5.0,151215.34,2,1,0,169804.4,0
2927,15744529,Chiekwugo,510,France,Male,63,8.0,0.0,2,1,1,115291.86,0
7657,15575146,Jamieson,492,Germany,Male,51,8.0,117808.74,2,1,1,67311.12,0
6460,15632125,Blake,606,Germany,Male,45,5.0,63832.43,1,1,1,93707.8,0
2541,15769703,West,550,Germany,Female,45,8.0,111257.59,1,0,0,97623.42,1
741,15637414,Gell,618,France,Female,24,7.0,128736.39,1,0,1,37147.61,0
3598,15671630,McMillan,796,Germany,Female,40,1.0,99745.95,1,1,0,177524.19,0
8261,15627830,Nikitina,640,Germany,Female,30,5.0,32197.64,1,0,1,141446.01,0
4043,15567328,Ch'en,738,Spain,Male,38,5.0,177997.07,1,0,1,19233.41,0
2189,15799211,Anenechi,708,Spain,Female,32,8.0,187487.63,1,1,1,120115.5,0
5069,15717879,Chen,712,Spain,Female,79,5.0,108078.56,1,1,1,174118.93,0
7524,15733602,Rubin,814,Spain,Female,72,2.0,0.0,2,0,1,130853.03,0
1231,15742480,Igwebuike,775,Germany,Male,36,2.0,109949.05,2,0,1,71682.54,0
7136,15788442,Chukwukadibia,681,Spain,Female,57,2.0,173306.13,1,0,1,131964.66,0
2821,15813916,Kudryashova,622,France,Female,31,1.0,89688.94,1,1,1,152305.47,0
751,15790314,Onuoha,649,France,Male,41,0.0,0.0,2,0,1,130567.02,0
9249,15648638,Chia,629,Spain,Male,34,6.0,0.0,2,1,0,190347.72,0
2340,15647975,Vida,651,Germany,Male,26,5.0,147037.32,1,0,0,141763.26,0
637,15603323,Bell,660,Spain,Female,33,1.0,0.0,2,0,0,117834.91,0
3539,15761023,Murphy,554,Germany,Female,43,2.0,120847.11,1,1,0,7611.61,1
6113,15654372,Pearce,462,Germany,Male,34,1.0,94682.56,2,1,0,138478.2,0
3394,15600626,Bradley,710,France,Male,30,6.0,0.0,2,1,1,8991.17,0
5655,15747458,Folliero,677,Spain,Female,43,3.0,133214.88,2,1,1,95936.84,0
2222,15736069,Hsing,767,Germany,Female,35,6.0,132253.22,1,1,0,115566.57,1
5813,15587835,Osinachi,850,France,Male,41,3.0,136416.82,1,0,1,57844.26,0
3702,15678317,Manfrin,603,France,Male,46,2.0,0.0,2,1,1,59563.49,0
6876,15665283,Brookes,610,France,Female,57,7.0,72092.95,4,0,1,113228.82,1
8514,15740602,Boyle,674,Germany,Female,27,4.0,111568.01,1,0,1,22026.18,0
245,15576269,Madison,523,Spain,Male,34,7.0,0.0,2,1,0,62030.06,0
4101,15693322,Shaver,635,Germany,Female,37,9.0,146748.07,1,0,1,11407.58,0
4469,15630363,Nkemakonam,437,France,Female,39,0.0,102721.49,1,0,0,22191.82,0
1320,15763612,T'an,756,Germany,Male,41,2.0,124439.49,2,0,1,47093.11,0
3919,15740283,Ewing,850,France,Male,29,1.0,0.0,2,0,0,152996.89,0
9674,15784148,Beneventi,643,France,Male,62,9.0,0.0,2,0,0,155870.82,0
7504,15652048,Thompson,563,Germany,Male,44,7.0,105007.31,2,1,1,197812.16,0
241,15812009,Grant,662,Spain,Male,38,4.0,0.0,2,1,0,136259.65,0
3212,15753861,Ballard,686,Germany,Female,27,1.0,115095.88,2,0,0,78622.46,0
9905,15722532,Angelo,690,Spain,Female,36,10.0,91760.11,1,1,1,135784.94,0
4801,15679810,Chapman,690,France,Male,39,6.0,0.0,2,1,0,160532.88,0
2650,15612615,Graham,616,France,Female,37,6.0,0.0,2,1,0,86242.18,0
9137,15688984,Belonwu,595,France,Male,20,4.0,95830.43,1,1,0,177738.98,0
932,15700476,Azubuike,564,Germany,Male,41,9.0,103522.75,2,1,1,34338.21,0
9115,15605737,George,541,France,Male,36,5.0,0.0,2,1,0,124795.84,0
2715,15710928,McChesney,665,France,Female,55,8.0,136354.16,1,1,1,93769.89,0
1051,15623828,Akobundu,682,France,Male,30,4.0,0.0,1,0,1,161465.31,0
3023,15678168,Gibson,648,Spain,Female,27,7.0,0.0,2,1,1,163060.43,0
9266,15667438,Ferguson,675,France,Female,38,1.0,104016.88,1,0,0,22068.83,1
7541,15735330,Sung,553,France,Male,37,1.0,0.0,1,1,0,30461.55,0
7555,15569917,Obijiaku,706,Spain,Male,30,6.0,87609.68,2,0,0,137674.55,1
7185,15762799,Alexander,720,Germany,Male,23,0.0,187861.18,2,1,1,104120.17,0
4557,15796231,Nwankwo,681,France,Female,18,1.0,98894.39,1,1,1,9596.4,0
4756,15740072,Padovesi,720,France,Female,37,2.0,120328.88,2,1,1,138470.21,0
4238,15736271,Dumetochukwu,498,France,Female,29,9.0,0.0,1,1,0,190035.83,0
3151,15795298,Olisaemeka,573,Germany,Female,35,9.0,206868.78,2,0,1,102986.15,0
3810,15694805,McIntyre,664,Spain,Male,35,1.0,115024.5,1,0,1,169665.79,0
7243,15701687,Campbell,664,Spain,Male,44,7.0,77526.66,3,0,0,57338.56,1
6800,15692575,Kerr,760,France,Male,38,6.0,162888.73,1,1,0,91098.76,1
4068,15767391,Otutodilinna,565,Germany,Female,32,4.0,90322.99,2,0,1,118740.37,0
3446,15784097,Gibson,660,Germany,Male,28,1.0,118402.25,2,1,0,14288.93,0
5514,15693543,McDonald,708,France,Female,33,8.0,0.0,2,0,1,15246.83,0
3890,15756150,Alexander,418,France,Female,39,2.0,0.0,2,0,0,9041.71,0
2685,15631927,Thomas,574,Spain,Female,28,7.0,0.0,2,0,0,185660.3,0
2745,15667046,Tseng,694,Spain,Male,38,7.0,121527.4,1,1,0,113481.02,0
706,15580148,Welch,750,Germany,Male,40,5.0,168286.81,3,1,0,20451.99,1
3969,15595657,Hannam,649,Germany,Male,40,4.0,95001.33,1,0,1,123202.99,0
131,15740404,He,758,France,Female,34,3.0,0.0,2,1,1,124226.16,0
6145,15617320,Palermo,693,Spain,Female,46,3.0,151709.33,1,1,0,180736.24,0
4192,15715597,Onyemauchechi,679,France,Male,36,1.0,97234.58,1,1,0,188997.08,0
1567,15651063,Ifeatu,524,Germany,Female,37,9.0,127480.58,2,1,0,179634.69,0
6414,15734765,Mahmood,739,France,Female,20,4.0,133800.98,1,0,1,150245.81,0
5653,15800620,Fitzgerald,691,France,Female,29,9.0,0.0,2,0,0,199635.93,0
7676,15618258,Chizuoke,640,Spain,Male,37,5.0,158024.38,1,1,0,81298.09,0
2146,15639322,Grave,633,Spain,Male,33,4.0,137847.41,2,1,0,98349.13,0
9258,15688689,Esposito,678,Germany,Female,37,8.0,149000.91,2,1,1,21472.42,0
8465,15568164,Istomin,850,France,Female,34,4.0,71379.53,2,1,1,154000.99,0
9644,15709354,Tudawali,521,France,Female,41,2.0,0.0,2,1,1,113089.43,0
8205,15570141,P'eng,724,France,Female,34,3.0,132352.69,1,1,0,80320.3,0
4923,15751203,Cattaneo,702,France,Male,26,5.0,56738.47,2,1,1,100442.22,1
676,15754605,Jarvis,563,France,Female,39,5.0,0.0,2,1,1,17603.81,0
6738,15706223,Barnes,715,Spain,Male,38,2.0,96798.79,2,1,1,4554.67,0
1803,15779247,Pai,683,Spain,Female,24,8.0,98567.1,1,1,0,187987.01,0
8571,15711457,Herz,755,France,Female,28,7.0,124540.28,1,0,1,188850.89,0
5802,15659800,Teng,584,Spain,Female,50,1.0,0.0,1,0,1,152567.75,1
7869,15666453,Moore,611,Germany,Female,29,4.0,78885.88,2,1,1,26927.69,0
8650,15632736,Liang,850,Germany,Female,30,3.0,104911.35,2,1,1,42933.26,0
1041,15780870,McKay,580,Spain,Male,67,3.0,153946.14,1,1,1,7418.92,0
5867,15600392,Amaechi,735,France,Female,53,8.0,123845.36,2,0,1,170454.93,1
4229,15691061,Rapuokwu,740,France,Female,37,9.0,0.0,2,1,1,73225.31,0
3954,15633546,Frederick,652,Spain,Female,33,3.0,124832.51,1,1,0,195877.06,0
803,15681554,Alley,614,Germany,Female,31,7.0,120599.38,2,1,1,46163.44,0
9121,15796838,Chibugo,703,Spain,Male,58,4.0,92930.92,1,0,1,85148.78,0
8695,15742116,Torres,671,Germany,Female,48,9.0,116711.06,2,0,0,76373.38,0
5401,15644788,Fyodorov,731,France,Female,30,5.0,0.0,2,1,0,189528.72,0
1167,15633419,Brooks,622,Germany,Female,28,1.0,143124.63,2,1,0,81723.8,0
5044,15718454,Ch'eng,712,Spain,Female,44,2.0,0.0,2,0,0,45738.94,0
1654,15633233,McFarland,500,France,Male,56,1.0,100374.58,1,1,0,118490.8,1
2111,15795990,Lumholtz,722,Germany,Female,48,10.0,138311.76,1,1,1,3472.63,1
6139,15717984,Longo,477,France,Male,47,9.0,144900.58,1,1,0,61315.37,1
7228,15566495,Hanson,704,Spain,Female,24,2.0,0.0,1,1,0,35600.25,1
2603,15683521,Godfrey,594,Germany,Male,28,0.0,142574.71,2,1,0,129084.82,0
1566,15649523,Kennedy,581,France,Male,38,1.0,0.0,2,1,0,46176.22,0
3254,15606472,Lung,585,France,Female,38,5.0,0.0,1,1,1,87363.56,0
33,15750181,Sanderson,553,Germany,Male,41,9.0,110112.54,2,0,0,81898.81,0
8898,15740442,May,603,France,Male,51,8.0,186825.57,1,1,0,93739.71,1
9217,15701364,Doherty,724,France,Male,30,10.0,0.0,2,1,1,54265.55,0
1503,15660833,Flannery,796,Germany,Male,39,5.0,86350.87,2,0,0,105080.53,0
5698,15671779,Nebechi,567,France,Male,39,5.0,0.0,2,0,0,168521.72,0
4501,15697318,Ifeatu,771,Germany,Male,32,9.0,77487.2,1,0,0,33143.04,0
3024,15697020,Hs?eh,618,France,Male,39,2.0,91068.56,1,1,0,26578.69,0
5708,15649451,Yates,746,France,Male,25,9.0,0.0,2,0,1,88728.47,0
3154,15750056,Hyde,702,France,Female,29,6.0,149218.39,1,1,1,9633.01,0
9655,15773098,Ch'in,834,Spain,Male,34,5.0,0.0,2,0,0,53437.1,0
7211,15800773,Ikenna,648,Spain,Female,28,9.0,102282.61,1,1,1,157891.11,0
9650,15788025,Tseng,715,France,Female,38,0.0,0.0,2,1,1,332.81,0
3634,15629846,Sheehan,827,Germany,Female,47,8.0,143001.5,2,1,0,108977.5,0
2183,15724889,Chinweuba,665,Spain,Male,38,9.0,0.0,1,0,1,87412.74,0
3035,15668504,Lucchesi,770,France,Male,36,2.0,89800.14,1,1,1,105922.69,0
3662,15748639,Hayslett,497,Germany,Male,35,7.0,110053.62,2,1,1,92887.06,0
6989,15769451,Hayes,764,France,Female,44,1.0,0.0,2,1,1,11467.38,0
3711,15601796,Chizuoke,645,France,Male,30,1.0,125739.26,1,1,1,193441.23,0
8639,15587573,Castiglione,626,Germany,Male,27,4.0,115084.53,2,0,1,26907.43,0
930,15590876,Knupp,764,France,Female,24,7.0,106234.02,1,0,0,115676.38,0
4518,15787051,Georg,750,Spain,Female,39,7.0,119565.92,1,1,0,87067.73,0
4151,15566295,Sanders,761,France,Female,33,6.0,138053.79,2,1,0,148779.41,0
521,15671256,Macartney,850,France,Female,35,1.0,211774.31,1,1,0,188574.12,1
5580,15578073,Barker,686,Spain,Male,22,8.0,0.0,2,0,0,142331.85,0
3880,15757541,Rickard,778,France,Female,33,9.0,151772.63,2,0,0,180249.94,1
216,15723488,Watson,668,Germany,Male,47,7.0,106854.21,1,0,1,157959.02,1
2349,15775203,Chia,824,France,Male,45,3.0,129209.48,1,0,0,60151.77,0
9692,15754599,K'ung,765,France,Male,42,4.0,123311.39,2,1,1,82868.34,0
7382,15573077,Nwora,620,Germany,Female,25,8.0,141825.88,1,1,1,73857.94,1
3112,15657163,Cockrum,623,Germany,Male,42,1.0,149332.48,2,1,0,100834.22,0
1302,15800856,Ewen,643,Spain,Male,34,3.0,83132.09,1,1,1,21360.88,0
969,15641009,Wilhelm,544,France,Male,37,3.0,84496.71,1,0,0,79972.09,0
6102,15588695,Su,833,Spain,Male,32,6.0,0.0,1,1,1,44323.22,1
7293,15768474,Clements,744,Spain,Male,34,3.0,0.0,2,1,0,27244.35,0
2446,15654409,Unwin,665,France,Female,34,5.0,67816.72,1,1,1,29641.58,0
8445,15793641,Evseyev,792,France,Female,70,3.0,0.0,2,1,1,172240.27,0
8039,15756824,Giordano,613,Germany,Female,50,5.0,101242.98,2,1,0,12493.61,0
9427,15675518,Charlton,499,Spain,Female,53,1.0,75225.53,2,0,0,144849.1,1
2514,15755825,McGuirk,666,France,Male,39,10.0,0.0,2,1,0,102999.33,0
8358,15603035,Vincent,651,France,Male,34,3.0,0.0,2,1,1,105599.65,0
3602,15747208,Watt,608,France,Male,50,6.0,0.0,1,1,0,93568.77,1
679,15810978,Pugliesi,788,Spain,Female,70,1.0,0.0,2,1,1,41610.62,0
6956,15697042,Genovesi,738,Spain,Male,35,8.0,127290.61,1,1,0,16081.62,0
3714,15657937,Lord,709,Germany,Male,22,0.0,112949.71,1,0,0,155231.55,0
5043,15593468,Findlay,850,France,Female,33,3.0,0.0,2,1,1,11159.19,0
523,15595766,Watts,527,Spain,Male,37,5.0,93722.73,2,1,1,139093.73,0
4552,15715673,Niu,651,Spain,Female,46,4.0,89743.05,1,1,0,156425.57,1
8486,15724269,Yao,670,France,Male,25,7.0,0.0,2,1,1,144723.38,0
1695,15744614,Feng,541,France,Male,37,9.0,118636.92,1,1,1,73551.44,0
7612,15705506,Perry,751,Spain,Male,38,7.0,0.0,2,0,0,90839.61,0
5198,15629744,Tan,804,France,Female,71,8.0,0.0,2,0,1,147995.96,0
2979,15595917,Mackay,580,France,Female,35,1.0,102097.33,1,0,1,168285.85,0
5420,15594456,K?,740,Spain,Female,56,4.0,99097.33,1,1,1,85016.64,1
1476,15745080,Griffiths,634,France,Male,26,8.0,0.0,1,1,0,21760.96,0
1600,15719309,Stephens,670,France,Female,42,1.0,115961.58,2,0,1,29483.87,0
963,15753831,Cox,642,Spain,Male,32,7.0,100433.8,1,1,1,39768.59,0
6362,15675585,Burns,416,Germany,Female,25,0.0,97738.97,2,1,1,160523.33,0
6718,15586674,Shaw,663,Spain,Female,58,5.0,216109.88,1,0,1,74176.71,1
5569,15594270,Biryukov,693,France,Male,38,7.0,198338.77,2,1,1,14278.18,0
9578,15807120,Oluchukwu,841,Germany,Female,52,3.0,112383.03,1,1,0,85516.37,1
6166,15801942,Chu,619,Spain,Female,41,8.0,0.0,3,1,1,79866.73,1
1562,15766374,Leak,632,Germany,Male,42,4.0,119624.6,2,1,1,195978.86,0
9722,15724876,McGregor,560,France,Female,38,5.0,83714.41,1,1,1,33245.97,0
1134,15706899,Ma,559,France,Male,34,4.0,0.0,2,1,1,66721.98,0
4749,15759067,Bromby,537,Germany,Female,37,7.0,158411.95,4,1,1,117690.58,1
348,15747358,Russell,643,Germany,Male,59,3.0,170331.37,1,1,1,32171.79,0
3296,15654296,Estrada,754,Spain,Female,19,9.0,0.0,1,1,0,189641.11,0
5770,15611612,Priestley,570,France,Female,29,0.0,0.0,1,1,0,37092.43,0
5617,15585256,Iloerika,805,Spain,Male,26,2.0,0.0,2,1,1,25042.1,0
8732,15769125,Palerma,727,Spain,Female,41,10.0,0.0,2,0,1,47468.56,0
2010,15732917,Li,729,Germany,Male,46,5.0,117837.43,1,1,0,104016.61,1
1539,15723411,Jamieson,607,Spain,Female,36,4.0,98266.3,1,1,1,46416.36,0
6351,15799600,Coles,640,Germany,Male,48,1.0,111599.32,1,0,1,135995.58,0
8842,15718769,Fallaci,557,Spain,Male,36,1.0,113110.26,1,1,0,98413.1,0
4857,15721921,Woolnough,796,France,Male,44,8.0,165326.2,1,1,1,57205.55,0
5284,15799815,Bobrov,656,Germany,Female,23,4.0,163549.63,1,0,1,21085.12,0
7901,15653275,Lei,785,Spain,Female,54,1.0,0.0,2,1,0,45113.92,1
9822,15629793,Banks,652,Spain,Male,28,8.0,156823.7,2,1,0,198251.52,0
8936,15585066,Chimaraoke,660,France,Female,43,1.0,0.0,1,0,1,112026.1,1
8559,15774507,Furneaux,574,France,Female,39,5.0,119013.86,1,1,0,103421.91,0
2361,15670205,Boyd,518,Germany,Female,41,5.0,110624.99,1,1,0,89327.67,0
5691,15676707,Sidorov,577,Spain,Female,39,4.0,0.0,2,1,0,91366.42,0
3412,15815628,Moysey,711,France,Female,37,8.0,113899.92,1,0,0,80215.2,0
2252,15631333,Wade,677,Spain,Female,25,8.0,130866.19,1,1,0,42410.21,0
2706,15585835,Lord,655,Spain,Female,34,4.0,109783.69,2,1,0,134034.32,0
4027,15606641,Beggs,762,Germany,Male,56,10.0,100260.88,3,1,1,77142.42,1
3343,15775663,Otitodilichukwu,712,Germany,Male,53,6.0,134729.99,2,1,1,132702.64,0
7567,15732943,Okwuoma,574,Spain,Male,36,4.0,77967.5,1,1,0,167066.95,1
368,15594720,Scott,460,Germany,Female,35,8.0,102742.91,2,1,1,189339.6,0
2724,15681550,Lablanc,614,France,Female,41,8.0,121558.46,1,1,1,598.8,0
1235,15684865,Lucchesi,771,France,Female,66,7.0,143773.07,1,1,1,130827.88,0
4637,15630709,Castiglione,619,Germany,Female,31,2.0,56116.3,2,0,0,2181.94,0
3513,15657779,Boylan,806,Spain,Male,18,3.0,0.0,2,1,1,86994.54,0
4123,15599403,Wu,577,France,Male,60,10.0,125389.7,2,1,1,178616.73,0
2339,15806307,Favors,537,France,Male,37,3.0,0.0,2,1,1,20603.32,0
3579,15711618,Chang,704,Germany,Female,39,1.0,124640.51,1,1,0,116511.12,1
7957,15731569,Hudson,850,France,Male,81,5.0,0.0,2,1,1,44827.47,0
4012,15732307,Lavrentiev,694,Germany,Male,33,4.0,124067.32,1,1,1,77906.87,0
1086,15646513,Spyer,803,France,Male,42,5.0,0.0,1,1,0,196466.83,1
6587,15699515,Manfrin,643,Germany,Male,33,7.0,98630.31,2,1,1,40250.82,0
8002,15798053,Nnachetam,707,Spain,Male,32,9.0,0.0,2,1,0,126475.79,0
4109,15769389,Wan,709,Germany,Female,39,9.0,124723.92,1,1,0,73641.86,0
1965,15738318,Kung,800,France,Female,40,5.0,97764.41,1,1,0,98640.15,1
580,15658032,Hopkins,701,France,Male,39,2.0,0.0,2,1,1,82526.92,0
9770,15703707,Atkins,656,France,Male,44,10.0,143571.52,1,0,0,127444.14,0
8303,15762172,Kerr,850,France,Female,39,2.0,0.0,2,1,0,179451.42,0
933,15634141,Shephard,708,Germany,Female,42,8.0,192390.52,2,1,0,823.36,0
1155,15766887,Iadanza,538,Spain,Male,39,2.0,122773.5,2,1,1,58467.08,0
9410,15591150,Nwebube,570,Spain,Male,34,10.0,0.0,2,0,1,183387.12,0
7048,15731586,Lai,785,Spain,Female,31,2.0,121691.54,2,0,0,81778.72,0
2697,15792176,Henty,698,Spain,Female,40,0.0,92053.44,1,1,1,143681.83,0
184,15810845,T'ang,636,France,Male,42,2.0,0.0,2,1,1,55470.78,0
8596,15668774,Chiemenam,758,Germany,Female,23,5.0,122739.1,1,1,0,102460.84,1
5509,15567442,Ibezimako,656,France,Female,75,3.0,0.0,2,1,1,1276.87,0
2006,15725835,West,785,Germany,Female,32,3.0,124493.03,2,0,1,52583.79,1
1867,15632575,Moore,559,France,Female,70,9.0,0.0,1,1,1,122996.76,0
7950,15617486,Sullivan,530,France,Male,52,1.0,106723.28,1,0,0,109960.4,1
6247,15771442,Pennington,633,France,Male,40,4.0,150578.0,1,0,1,34670.62,1
8854,15800031,Laura,681,France,Male,43,3.0,66338.68,1,1,1,18772.5,1
3365,15763544,Thompson,673,France,Male,47,1.0,0.0,2,0,0,108762.16,0
5059,15682322,Aksenov,714,France,Male,37,9.0,148466.93,2,0,1,151280.96,0
896,15697000,Mello,728,Germany,Male,32,5.0,61825.5,1,1,1,156124.93,0
2437,15592645,Gibbons,704,Spain,Male,37,4.0,0.0,2,0,0,25684.93,0
5442,15602979,Lin,751,France,Male,29,1.0,135536.5,1,1,0,66825.33,0
6556,15581505,Bales,641,France,Male,35,5.0,0.0,2,1,0,93148.93,0
1962,15668472,Ritchie,705,Spain,Female,24,5.0,177799.83,2,0,0,79886.06,0
